# File generated by ImageToStl.com - Free Image and 3D model conversion tools

mtllib medieval_market_stall_asset_24.mtl

o obj1
v -293.01049805 2.699E-05 -274.3885498
v -293.01049805 3.01E-06 274.3885498
v 293.01049805 3.01E-06 274.3885498
v 293.01049805 2.699E-05 -274.3885498
vn 0 1 0
vt 0.9997 0.9997
vt 0.9997 0.0003
vt 0.0003 0.0003
vt 0.0003 0.9997
usemtl mat2
f 1/1/1 2/2/1 3/3/1
f 3/3/1 4/4/1 1/1/1
# Vertices: 4, normals: 1, texture coordinates: 4, faces: 2

o obj2
v 25.27466297 97.15223478 49.38048215
v -21.58715343 97.1522345 55.73106427
v -13.45908326 96.16491246 103.70988503
v 33.14117146 96.1649128 95.81534615
vn 0.00311 0.99979 0.02038
vt 0.58053 0.23641
vt 0.51697 0.2343
vt 0.51697 0.29975
vt 0.58053 0.29975
usemtl mat1
f 5/5/2 6/6/2 7/7/2
f 7/7/2 8/8/2 5/5/2
# Vertices: 4, normals: 1, texture coordinates: 4, faces: 2

o obj3
v -113.700984 2.8E-06 110.42657089
v -113.700984 35.45358583 104.43692553
v -113.700984 35.45358537 114.99411547
v -113.700984 2.6E-06 114.99411392
v -121.61178112 5.2E-06 55.4996376
v -121.61178112 35.45358797 55.49964201
v -113.70101452 35.45358797 55.49963915
v -113.70101452 5.2E-06 55.49963379
v -113.700984 2.6E-06 114.99411392
v -113.700984 35.45358537 114.99411547
v -121.61176586 35.45358537 114.99411547
v -121.61176586 2.6E-06 114.99411392
v -121.61178112 5E-06 60.06718826
v -121.61178112 35.45358751 66.05684435
v -121.61178112 35.45358797 55.49964201
v -121.61178112 5.2E-06 55.4996376
v -113.700984 51.18035447 101.03982386
v -113.700984 57.15825968 102.39445364
v -113.700984 57.15825931 110.90917074
v -113.700984 51.18035416 108.19991145
v -121.61178112 43.8983048 68.69205285
v -121.61178112 51.18035585 69.4539474
v -121.61178112 51.18035616 62.29384837
v -121.61178112 43.8983052 59.5845852
v -121.61176586 51.18035447 101.03982386
v -121.61176586 57.15825968 102.39445364
v -121.61178112 57.15826006 93.87972128
v -121.61178112 51.18035478 93.87972102
v -113.700984 43.89830295 110.90917016
v -113.700984 51.18035416 108.19991145
v -121.61176586 51.18035416 108.19991145
v -121.61176586 43.89830295 110.90917016
v -113.70100689 51.18035585 69.4539474
v -113.70100689 57.15826118 68.09931051
v -113.70100689 57.15826081 76.61404287
v -113.70100689 51.18035554 76.61404261
v -121.61178112 43.8983052 59.5845852
v -121.61178112 51.18035616 62.29384837
v -113.70100689 51.18035616 62.29384837
v -113.70100689 43.8983052 59.5845852
v -113.700984 62.90491746 114.99411667
v -113.700984 75.35077165 114.99411722
v -121.61176586 75.35077165 114.99411722
v -121.61176586 62.90491746 114.99411667
v -113.700984 43.89830335 101.8017254
v -113.700984 43.89830295 110.90917016
v -113.70100689 35.45358751 66.05683672
v -113.70100689 43.8983048 68.69204522
v -113.70100689 43.8983044 77.79951287
v -113.70100689 35.45358704 76.61404192
v -113.70100689 43.89830407 85.24688531
v -113.70100689 35.45358667 85.24688494
v -113.70100689 43.89830375 92.69425012
v -113.70100689 35.45358629 93.87972033
v -113.70100689 51.18035516 85.24688563
v -113.70100689 51.18035478 93.87972102
v -121.61178112 80.78007958 71.48615999
v -113.70100689 80.78007958 71.48615999
v -113.70100689 75.35077345 73.73504587
v -121.61178112 75.35077345 73.73504587
v -113.70100689 62.90491914 76.61404312
v -113.70100689 75.35076569 76.61404367
v -113.70100689 75.35076532 85.24688669
v -113.70100689 62.90491876 85.24688614
v -113.70100689 75.35076494 93.87972207
v -113.70100689 62.90491838 93.87972153
v -121.61176586 35.45358583 104.43692553
v -121.61176586 43.89830335 101.8017254
v -121.61178112 43.89830375 92.69425012
v -121.61178112 35.45358629 93.87972033
v -121.61178112 43.89830407 85.24688531
v -121.61178112 35.45358667 85.24688494
v -121.61178112 43.8983044 77.7995205
v -121.61178112 35.45358704 76.61404192
v -121.61178112 51.18035516 85.24688563
v -121.61178112 51.18035554 76.61404261
v -121.61178112 83.02898118 66.05684643
v -113.70100689 83.02898118 66.0568388
v -121.61178112 62.90491838 93.87972153
v -121.61178112 75.35076494 93.87972207
v -121.61178112 75.35076532 85.24688669
v -121.61178112 62.90491876 85.24688614
v -121.61178112 75.35076569 76.61404367
v -121.61178112 62.90491914 76.61404312
v -121.61176586 2.8E-06 110.42657089
v -121.61176586 3E-06 105.85903549
v -121.61178112 30.81801233 85.24688474
v -121.61178112 4.8E-06 64.63473892
v -113.70100689 5E-06 60.06718445
v -113.70100689 4.8E-06 64.63473129
v -113.70100689 30.81801233 85.24688474
v -113.700984 3E-06 105.85903549
v -113.70100689 30.81801233 85.24688474
v -113.700984 3E-06 105.85903549
v -121.61176586 3E-06 105.85903549
v -121.61178112 30.81801233 85.24688474
v -113.70100689 4.8E-06 64.63473129
v -121.61178112 4.8E-06 64.63473892
v -113.70100689 52.65334679 92.40673677
v -121.61178112 52.65334679 92.40673677
v -121.61178112 57.15826012 92.40673697
v -113.70100689 57.15826012 92.40673697
v -113.70100689 52.6533471 85.24688569
v -121.61178112 52.6533471 85.24688569
v -113.70100689 52.65334742 78.08703462
v -121.61178112 52.65334742 78.08703462
v -113.70100689 57.15826075 78.08703482
v -121.61178112 57.15826075 78.08703482
v -121.61178112 57.15826156 59.58458578
v -113.70100689 57.15826156 59.58457815
v -113.700984 57.15825931 110.90917074
v -121.61176586 57.15825931 110.90917074
v -121.61178112 80.78008005 60.62753268
v -113.70100689 80.78008005 60.62753268
v -121.61178112 75.35077412 58.3786387
v -113.70101452 75.35077412 58.37863489
v -121.61178112 57.15826118 68.09931814
v -121.61178112 57.15826156 59.58458578
v -113.70100689 61.43193476 78.087035
v -121.61178112 61.43193476 78.087035
v -113.70100689 61.43193445 85.24688608
v -121.61178112 61.43193445 85.24688608
v -121.61176586 62.90491792 104.43692673
v -121.61176586 57.15825931 110.90917074
v -121.61176586 62.90491746 114.99411667
v -113.70100689 61.43193413 92.40673715
v -121.61178112 61.43193413 92.40673715
v -113.70100689 62.9049196 66.05683792
v -113.70100689 57.15826156 59.58457815
v -113.70101452 62.90492006 55.49964035
v -113.700984 62.90491792 104.43692673
v -113.70100689 57.15826006 93.87972128
v -113.70101452 62.90492006 55.49964035
v -121.61178112 62.90492006 55.49964321
v -121.61178112 62.9049196 66.05684555
v -121.61178112 57.15826081 76.61404287
v -121.61178112 75.35077425 55.49964376
v -113.70101452 75.35077425 55.4996409
v -121.61178112 87.79661699 55.49964144
v -113.70101452 87.79661699 55.49963763
v -121.61178112 69.92146036 60.6275322
v -113.70100689 69.92146036 60.62752457
v -121.61178112 67.67256639 66.05684576
v -113.70100689 67.67255876 66.05683813
v -113.70100689 69.92146036 60.62752457
v -121.61178112 69.92146036 60.6275322
v -121.61178112 87.79660424 85.24688723
v -121.61178112 87.79660462 76.61404421
v -121.61178112 87.79660387 93.87972262
v -121.61178112 69.92145989 71.48615952
v -113.70100689 69.92145989 71.48615952
v -113.70100689 87.79660424 85.24688723
v -113.70100689 87.79660387 93.87972262
v -113.70100689 87.79660462 76.61404421
v -113.700984 87.79661439 114.99411776
v -121.61176586 87.79661439 114.99411776
v -113.700984 80.78007837 99.00761385
v -121.61176586 80.78007837 99.00761385
v -121.61176586 75.35077244 96.75871988
v -113.700984 75.35077244 96.75871988
v -113.700984 83.0289795 104.43692761
v -121.61176586 83.0289795 104.43692761
v -113.700984 62.90491746 114.99411667
v -113.700984 80.7800779 109.86624117
v -121.61176586 80.7800779 109.86624117
v -121.61176586 2.6E-06 114.99411392
v -121.61176586 35.45358537 114.99411547
v -113.700984 75.35077177 112.11512704
v -121.61176586 75.35077177 112.11512704
v -121.61176586 43.89830295 110.90917016
v -121.61176586 51.18035416 108.19991145
v -113.700984 69.92145821 109.8662407
v -121.61176586 69.92145821 109.8662407
v -113.700984 67.67256471 104.43692694
v -121.61176586 67.67255708 104.43692694
v -121.61178112 62.90492006 55.49964321
v -113.700984 69.92145868 99.00761338
v -121.61176586 69.92145868 99.00761338
v -113.70101452 5.2E-06 55.49963379
v -113.70101452 35.45358797 55.49963915
v -121.61176586 69.92145868 99.00761338
v -113.700984 69.92145868 99.00761338
v -113.70100689 43.8983052 59.5845852
v -113.70100689 51.18035616 62.29384837
v -121.61176586 87.79661485 104.43692782
v -121.61176586 83.0289795 104.43692761
v -121.61176586 80.7800779 109.86624117
v -121.61176586 87.79661439 114.99411776
v -113.70100689 87.79661653 66.05683901
v -113.70100689 83.02898118 66.0568388
v -113.70100689 80.78008005 60.62753268
v -113.70101452 87.79661699 55.49963763
v -121.61178112 87.79661653 66.05684664
v -121.61178112 83.02898118 66.05684643
v -121.61178112 80.78007958 71.48615999
v -113.700984 87.79661485 104.43692782
v -113.700984 83.0289795 104.43692761
v -113.700984 80.78007837 99.00761385
v -121.61176586 67.67255708 104.43692694
v -121.61176586 69.92145868 99.00761338
v -113.70100689 67.67255876 66.05683813
v -113.70100689 69.92145989 71.48615952
v -113.700984 67.67256471 104.43692694
v -113.700984 69.92145821 109.8662407
v -121.61178112 67.67256639 66.05684576
v -121.61178112 69.92146036 60.6275322
v -121.61178112 75.35077425 55.49964376
v -121.61178112 75.35077412 58.3786387
v -121.61178112 80.78008005 60.62753268
v -121.61178112 87.79661699 55.49964144
v -113.70101452 75.35077425 55.4996409
v -113.70101452 75.35077412 58.37863489
v -113.70100689 69.92146036 60.62752457
v -113.70100689 75.35077345 73.73504587
v -121.61178112 75.35077345 73.73504587
v -113.700984 75.35077165 114.99411722
v -113.700984 75.35077177 112.11512704
v -113.700984 80.7800779 109.86624117
v -113.700984 87.79661439 114.99411776
v -121.61176586 75.35077165 114.99411722
v -121.61176586 75.35077177 112.11512704
v -121.61176586 69.92145821 109.8662407
v -113.700984 75.35077244 96.75871988
v -121.61176586 75.35077244 96.75871988
v -113.70100689 80.78007958 71.48615999
v -121.61178112 69.92145989 71.48615952
v -113.700984 69.92145868 99.00761338
v -121.61176586 80.78007837 99.00761385
v 99.79314899 35.45358537 114.99404681
v 99.79314899 35.45358583 104.43685687
v 99.79314899 2.8E-06 110.42650986
v 99.79314899 2.6E-06 114.99405289
v 99.79313374 35.45358797 55.4995743
v 107.70388508 35.45358797 55.4995743
v 107.70388508 5.2E-06 55.49956894
v 99.79313374 5.2E-06 55.49956894
v 107.70390797 35.45358537 114.99404681
v 99.79314899 35.45358537 114.99404681
v 99.79314899 2.6E-06 114.99405289
v 107.70390797 2.6E-06 114.99404526
v 107.70388508 35.45358797 55.4995743
v 107.70388508 35.45358751 66.05677569
v 107.70388508 5E-06 60.06711197
v 107.70388508 5.2E-06 55.49956894
v 99.79314899 57.15825931 110.90910971
v 99.79314899 57.15825968 102.39437735
v 99.79314899 51.18035447 101.03974757
v 99.79314899 51.18035416 108.19984278
v 107.70388508 51.18035616 62.2937797
v 107.70388508 51.18035585 69.4538711
v 107.70388508 43.89829717 68.69197656
v 107.70388508 43.89829757 59.58450891
v 107.70388508 57.15826006 93.87965261
v 107.70390797 57.15825968 102.39437735
v 107.70390797 51.18035447 101.03974757
v 107.70388508 51.18035478 93.87965235
v 107.70390797 51.18035416 108.19984278
v 99.79314899 51.18035416 108.19984278
v 99.79314899 43.89829532 110.90910913
v 107.70390797 43.89829532 110.90909387
v 99.79314137 57.15826081 76.61397421
v 99.79314137 57.15826118 68.09924185
v 99.79314137 51.18035585 69.45387873
v 99.79314137 51.18035554 76.61397395
v 99.79314137 51.18035616 62.29378352
v 107.70388508 51.18035616 62.2937797
v 107.70388508 43.89829757 59.58450891
v 99.79314137 43.89829757 59.58451654
v 107.70390797 75.35076402 114.99404855
v 99.79314899 75.35076402 114.99404855
v 99.79314899 62.90490983 114.99404801
v 107.70390797 62.90490983 114.99404801
v 99.79314899 43.89829572 101.80164911
v 99.79314899 43.89829532 110.90910913
v 99.79314137 43.89829677 77.79945184
v 99.79314137 43.89829717 68.69198419
v 99.79314137 35.45358751 66.05677569
v 99.79314137 35.45358704 76.61397326
v 99.79314137 43.89829644 85.24680902
v 99.79314137 35.45358667 85.24680865
v 99.79314137 43.89829612 92.69418145
v 99.79314137 35.45358629 93.87965167
v 99.79314137 51.18035516 85.24680934
v 99.79314137 51.18035478 93.87965235
v 99.79314137 75.35076582 73.7349772
v 99.79314137 80.78007958 71.4860837
v 107.70388508 80.78007958 71.4860837
v 107.70388508 75.35076582 73.7349772
v 99.79314137 75.35076532 85.24681039
v 99.79314137 75.35076569 76.61396737
v 99.79314137 62.90491151 76.61397446
v 99.79314137 62.90491113 85.24680985
v 99.79314137 75.35076494 93.87965341
v 99.79314137 62.90491075 93.87965287
v 107.70388508 43.89829612 92.69415857
v 107.70390797 43.89829572 101.80163385
v 107.70390797 35.45358583 104.43683398
v 107.70388508 35.45358629 93.87965167
v 107.70388508 43.89829644 85.24680902
v 107.70388508 35.45358667 85.24680865
v 107.70388508 43.89829677 77.79945184
v 107.70388508 35.45358704 76.61396563
v 107.70388508 51.18035516 85.24680934
v 107.70388508 51.18035554 76.61396632
v 99.79314137 83.02896592 66.05677777
v 107.70388508 83.02896592 66.05677014
v 107.70388508 75.35076532 85.24681039
v 107.70388508 75.35076494 93.87965341
v 107.70388508 62.90491075 93.87965287
v 107.70388508 62.90491113 85.24680985
v 107.70388508 75.35076569 76.61396737
v 107.70388508 62.90491151 76.61396683
v 107.70390797 2.8E-06 110.42648697
v 107.70390797 3E-06 105.8589592
v 107.70388508 30.81801233 85.24680845
v 107.70388508 4.8E-06 64.63466263
v 99.79314137 5E-06 60.06711197
v 99.79314137 4.8E-06 64.63466263
v 99.79314137 30.81801233 85.24680845
v 99.79314899 3E-06 105.8589592
v 107.70390797 3E-06 105.8589592
v 99.79314899 3E-06 105.8589592
v 99.79314137 30.81801233 85.24680845
v 107.70388508 30.81801233 85.24680845
v 99.79314137 4.8E-06 64.63466263
v 107.70388508 4.8E-06 64.63466263
v 107.70388508 57.15826012 92.40665304
v 107.70388508 52.65333916 92.40665284
v 99.79314137 52.65333916 92.40665284
v 99.79314137 57.15826012 92.40665304
v 107.70388508 52.65333947 85.2468094
v 99.79314137 52.65333947 85.2468094
v 107.70388508 52.65333979 78.08695833
v 99.79314137 52.65333979 78.08695833
v 107.70388508 57.15826075 78.08695852
v 99.79314137 57.15826075 78.08695852
v 99.79314137 57.15826156 59.58450567
v 107.70388508 57.15826156 59.58450567
v 107.70390797 57.15825931 110.90909445
v 99.79314899 57.15825931 110.90910971
v 99.79314137 80.78008005 60.6274602
v 107.70388508 80.78008005 60.6274602
v 99.79313374 75.35076649 58.37856241
v 107.70388508 75.35076649 58.37855859
v 107.70388508 57.15826156 59.58450567
v 107.70388508 57.15826118 68.09924185
v 107.70388508 61.43193476 78.08695871
v 99.79314137 61.43193476 78.08695871
v 107.70388508 61.43193445 85.24680978
v 99.79314137 61.43193445 85.24680978
v 107.70390797 57.15825931 110.90909445
v 107.70390797 62.90491029 104.43683518
v 107.70390797 62.90490983 114.99404801
v 107.70388508 61.43193413 92.40665323
v 99.79314137 61.43193413 92.40665323
v 99.79314137 57.15826156 59.58450567
v 99.79314137 62.90491197 66.05677689
v 99.79313374 62.90491243 55.4995755
v 99.79314137 57.15826006 93.87965261
v 99.79314899 62.90491029 104.43685807
v 99.79313374 62.90491243 55.4995755
v 107.70388508 62.90491243 55.4995755
v 107.70388508 57.15826081 76.61396658
v 107.70388508 62.90491197 66.05677689
v 99.79313374 75.35076662 55.49957605
v 107.70388508 75.35076662 55.49957605
v 99.79313374 87.79661699 55.49957278
v 107.70388508 87.79661699 55.49957278
v 99.79314137 69.92146036 60.62745972
v 107.70388508 69.92146036 60.62745972
v 99.79314137 69.92146036 60.62745972
v 99.79314137 67.67255113 66.0567771
v 107.70388508 67.67255876 66.05676947
v 107.70388508 69.92146036 60.62745972
v 107.70388508 87.79660462 76.61396792
v 107.70388508 87.79660424 85.24681094
v 107.70388508 87.79660387 93.87965395
v 99.79314137 69.92145989 71.48608323
v 107.70388508 69.92145989 71.48608323
v 99.79314137 87.79660387 93.87965395
v 99.79314137 87.79660424 85.24681094
v 99.79314137 87.79660462 76.61396792
v 107.70390797 87.79661439 114.9940491
v 99.79314899 87.79661439 114.99405672
v 107.70390797 75.35076481 96.75863595
v 107.70390797 80.78007837 99.00753756
v 99.79314899 80.78007837 99.00754519
v 99.79314899 75.35076481 96.75864358
v 107.70390797 83.02896425 104.43683606
v 99.79314899 83.02896425 104.43685895
v 99.79314899 62.90490983 114.99404801
v 107.70390797 80.7800779 109.86615725
v 99.79314899 80.7800779 109.86615725
v 107.70390797 35.45358537 114.99404681
v 107.70390797 2.6E-06 114.99404526
v 107.70390797 75.35076414 112.11505075
v 99.79314899 75.35076414 112.11506601
v 107.70390797 51.18035416 108.19984278
v 107.70390797 43.89829532 110.90909387
v 107.70390797 69.92145821 109.86615677
v 99.79314899 69.92145821 109.86615677
v 107.70390797 67.67254945 104.43683539
v 99.79314899 67.67255708 104.43685827
v 107.70388508 62.90491243 55.4995755
v 107.70390797 69.92145868 99.00753708
v 99.79314899 69.92145868 99.00754471
v 99.79313374 35.45358797 55.4995743
v 99.79313374 5.2E-06 55.49956894
v 107.70390797 69.92145868 99.00753708
v 99.79314899 69.92145868 99.00754471
v 99.79314137 51.18035616 62.29378352
v 99.79314137 43.89829757 59.58451654
v 107.70390797 80.7800779 109.86615725
v 107.70390797 83.02896425 104.43683606
v 107.70390797 87.79660341 104.43683627
v 107.70390797 87.79661439 114.9940491
v 99.79314137 80.78008005 60.6274602
v 99.79314137 83.02896592 66.05677777
v 99.79314137 87.79660508 66.05677798
v 99.79313374 87.79661699 55.49957278
v 107.70388508 80.78007958 71.4860837
v 107.70388508 83.02896592 66.05677014
v 107.70388508 87.79660508 66.05677035
v 99.79314899 80.78007837 99.00754519
v 99.79314899 83.02896425 104.43685895
v 99.79314899 87.79660341 104.43685915
v 107.70390797 69.92145868 99.00753708
v 107.70390797 67.67254945 104.43683539
v 99.79314137 69.92145989 71.48608323
v 99.79314137 67.67255113 66.0567771
v 99.79314899 69.92145821 109.86615677
v 99.79314899 67.67255708 104.43685827
v 107.70388508 69.92146036 60.62745972
v 107.70388508 67.67255876 66.05676947
v 107.70388508 80.78008005 60.6274602
v 107.70388508 75.35076649 58.37855859
v 107.70388508 75.35076662 55.49957605
v 107.70388508 87.79661699 55.49957278
v 99.79314137 69.92146036 60.62745972
v 99.79313374 75.35076649 58.37856241
v 99.79313374 75.35076662 55.49957605
v 99.79314137 75.35076582 73.7349772
v 107.70388508 75.35076582 73.7349772
v 99.79314899 80.7800779 109.86615725
v 99.79314899 75.35076414 112.11506601
v 99.79314899 75.35076402 114.99404855
v 99.79314899 87.79661439 114.99405672
v 107.70390797 69.92145821 109.86615677
v 107.70390797 75.35076414 112.11505075
v 107.70390797 75.35076402 114.99404855
v 99.79314899 75.35076481 96.75864358
v 107.70390797 75.35076481 96.75863595
v 99.79314137 80.78007958 71.4860837
v 107.70388508 69.92145989 71.48608323
v 99.79314899 69.92145868 99.00754471
v 107.70390797 80.78007837 99.00753756
v 133.58771992 279.09730586 161.79000167
v -147.49551678 279.09730586 161.79009322
v -147.49551678 283.32930059 159.34676455
v 133.58771992 283.32930059 159.34665774
v 133.58771992 287.56129511 161.79000204
v -147.49551678 287.56129511 161.79009359
v -147.49551678 287.5612949 166.67676657
v 133.58771992 287.5612949 166.67669027
v 133.58771992 279.09730564 166.6766899
v -147.49551678 279.09730564 166.6767662
v 133.58771992 287.5612949 166.67669027
v -147.49551678 287.5612949 166.67676657
v -147.49550152 283.32930016 169.12013339
v 133.58773518 283.32930016 169.12001132
v 116.43192768 87.79661731 135.34803774
v 116.4318819 87.79662169 35.14558079
v 116.4318819 96.05579986 35.14558115
v 116.43192768 96.05579548 135.3480381
v -130.33980083 87.79662169 35.1456609
v -130.33977032 87.79661731 135.34811404
v -130.33977032 96.05579548 135.3481144
v -130.33980083 96.05579986 35.14566126
v -130.33977032 87.79661731 135.34811404
v 116.43192768 87.79661731 135.34803774
v 116.43192768 96.05579548 135.3480381
v -130.33977032 96.05579548 135.3481144
v 116.4318819 87.79662169 35.14558079
v -130.33980083 87.79662169 35.1456609
v -130.33980083 96.05579986 35.14566126
v 116.4318819 96.05579986 35.14558115
v 116.4318819 87.79662169 35.14558079
v -130.33980083 87.79662169 35.1456609
v -122.40279675 61.69400368 96.0282429
v -122.40281963 60.49726466 91.8186939
v -122.40281963 60.49726524 78.67504766
v -122.40281963 61.69400462 74.46549876
v -130.3397398 51.45663127 74.46549831
v -130.33972454 51.45663032 96.02825771
v -130.33972454 61.69400368 96.02825816
v -130.3397398 61.69400462 74.46549876
v -122.40281963 60.49726466 91.8186939
v 108.49494648 60.49726466 91.8186176
v 108.49494648 60.49726524 78.67497136
v -122.40281963 60.49726524 78.67504766
v -122.40281963 52.6533697 91.81869356
v 108.49494648 52.6533697 91.81861726
v -122.40281963 52.65337028 78.67504731
v -122.40281963 51.45663127 74.46549068
v -130.33972454 51.45663032 96.02825771
v -122.40279675 51.45663032 96.02825771
v -122.40279675 61.69400368 96.0282429
v -130.33972454 61.69400368 96.02825816
v -122.40281963 51.45663127 74.46549068
v -130.3397398 51.45663127 74.46549831
v -130.3397398 61.69400462 74.46549876
v -122.40281963 61.69400462 74.46549876
v -122.40281963 51.45663127 74.46549068
v -130.3397398 51.45663127 74.46549831
v -122.40279675 51.45663032 96.02825771
v -122.40281963 52.6533697 91.81869356
v 108.49494648 60.49726524 78.67497136
v 108.49494648 60.49726466 91.8186176
v 108.49495411 61.69400368 96.02816661
v 108.49494648 61.69400462 74.46542247
v 116.4318819 61.69400368 96.02816661
v 116.4318819 51.45663032 96.02816616
v 116.43186665 51.45663127 74.46541439
v 116.43186665 61.69400462 74.46541484
v 108.49494648 52.65337028 78.67497102
v 108.49494648 51.45663127 74.46542202
v 108.49495411 61.69400368 96.02816661
v 108.49495411 51.45663032 96.02816616
v 116.4318819 51.45663032 96.02816616
v 116.4318819 61.69400368 96.02816661
v 108.49494648 51.45663127 74.46542202
v 116.43186665 51.45663127 74.46541439
v 116.43186665 61.69400462 74.46541484
v 108.49494648 61.69400462 74.46542247
v 116.43186665 51.45663127 74.46541439
v 108.49494648 51.45663127 74.46542202
v 108.49494648 52.6533697 91.81861726
v 108.49495411 51.45663032 96.02816616
v -158.15324688 1.706E-05 133.34109116
v -158.15326214 1.753E-05 122.68329239
v -158.15326214 298.03915632 122.68330542
v -158.15324688 298.03915585 133.34110418
v -168.81105328 1.706E-05 133.34109116
v -168.81105328 298.03915585 133.34110418
v -168.81106853 1.753E-05 122.68330765
v -168.81106853 298.03915632 122.68332068
v -168.81106853 298.03915632 122.68332068
v -168.81105328 298.03915585 133.34110418
v -158.15324688 298.03915585 133.34110418
v -158.15326214 298.03915632 122.68330542
v -158.15326214 1.753E-05 122.68329239
v -158.15326214 298.03915632 122.68330542
v -158.15335369 2.865E-05 -131.89123154
v -158.15335369 2.912E-05 -142.54900742
v -158.15335369 298.03916791 -142.54899439
v -158.15335369 298.03916745 -131.89121851
v -168.81114483 2.865E-05 -131.89123154
v -168.81114483 298.03916745 -131.89121851
v -168.81114483 298.03916791 -142.54899439
v -168.81114483 298.03916745 -131.89121851
v -158.15335369 298.03916745 -131.89121851
v -158.15335369 298.03916791 -142.54899439
v -168.81114483 2.912E-05 -142.54900742
v -168.81114483 298.03916791 -142.54899439
v -158.15335369 2.912E-05 -142.54900742
v -158.15335369 298.03916791 -142.54899439
v -147.49550152 288.658127 170.73686336
v -147.49550152 278.00035112 170.73686289
v -147.49557781 278.00033584 -177.83454824
v -147.49557781 288.65814223 -177.83448674
v -158.15329266 288.658127 170.73686336
v -158.15336895 288.65814223 -177.83448674
v -158.15329266 278.00035112 170.73686289
v -158.15336895 278.00033584 -177.83454824
v -147.49550152 278.00035112 170.73686289
v -147.49550152 288.658127 170.73686336
v -158.15329266 288.658127 170.73686336
v -158.15329266 278.00035112 170.73686289
v -158.15336895 278.00033584 -177.83454824
v -158.15336895 288.65814223 -177.83448674
v -147.49557781 288.65814223 -177.83448674
v -147.49557781 278.00033584 -177.83454824
v -147.49550152 278.00035112 170.73686289
v -147.49557781 278.00033584 -177.83454824
v -147.495471 60.68013897 143.93463019
v -147.495471 50.0223402 143.93462972
v -147.49557781 50.02235329 -155.30117198
v -147.49557781 60.68015205 -155.30114099
v -158.15324688 60.68013897 143.93463019
v -158.15335369 60.68015205 -155.30114099
v -158.15324688 50.0223402 143.93462972
v -158.15335369 50.02235329 -155.30117198
v -147.495471 50.0223402 143.93462972
v -147.495471 60.68013897 143.93463019
v -158.15324688 60.68013897 143.93463019
v -158.15324688 50.0223402 143.93462972
v -158.15335369 50.02235329 -155.30117198
v -158.15335369 60.68015205 -155.30114099
v -147.49557781 60.68015205 -155.30114099
v -147.49557781 50.02235329 -155.30117198
v -147.495471 50.0223402 143.93462972
v -147.49557781 50.02235329 -155.30117198
v -147.495471 171.23127794 163.66867432
v -147.495471 160.57347154 163.66867386
v -147.49557781 160.57348616 -170.76640762
v -147.49557781 171.23129256 -170.76634612
v -158.15324688 171.23127794 163.66867432
v -158.15336895 171.23129256 -170.76634612
v -158.15324688 160.57347154 163.66867386
v -158.15336895 160.57348616 -170.76640762
v -147.495471 160.57347154 163.66867386
v -147.495471 171.23127794 163.66867432
v -158.15324688 171.23127794 163.66867432
v -158.15324688 160.57347154 163.66867386
v -158.15336895 160.57348616 -170.76640762
v -158.15336895 171.23129256 -170.76634612
v -147.49557781 171.23129256 -170.76634612
v -147.49557781 160.57348616 -170.76640762
v -147.495471 160.57347154 163.66867386
v -147.49557781 160.57348616 -170.76640762
v 144.2454195 298.03915632 122.68322149
v 144.2454195 1.753E-05 122.68320847
v 144.24543476 1.706E-05 133.34098434
v 144.24543476 298.03915585 133.34099737
v 154.90321064 1.706E-05 133.34098434
v 154.90321064 298.03915585 133.34099737
v 154.90321064 1.753E-05 122.68320847
v 154.90321064 298.03915632 122.68322149
v 144.24543476 298.03915585 133.34099737
v 154.90321064 298.03915585 133.34099737
v 154.90321064 298.03915632 122.68322149
v 144.2454195 298.03915632 122.68322149
v 154.90321064 298.03915632 122.68322149
v 154.90321064 1.753E-05 122.68320847
v 144.24532795 298.03916791 -142.54908594
v 144.24532795 2.912E-05 -142.54909897
v 144.24532795 2.865E-05 -131.89132309
v 144.24532795 298.03916745 -131.89131006
v 154.90311909 2.865E-05 -131.89132309
v 154.90311909 298.03916745 -131.89131006
v 144.24532795 298.03916745 -131.89131006
v 154.90311909 298.03916745 -131.89131006
v 154.90311909 298.03916791 -142.54911646
v 144.24532795 298.03916791 -142.54908594
v 154.90311909 2.912E-05 -142.54912949
v 154.90311909 298.03916791 -142.54911646
v 154.90311909 298.03916791 -142.54911646
v 154.90311909 2.912E-05 -142.54912949
v 133.58753681 278.00033584 -177.83467031
v 133.5876894 278.00035112 170.73677134
v 133.5876894 288.658127 170.7367718
v 133.58753681 288.65814223 -177.83460881
v 133.58753681 288.65814223 -177.83460881
v 133.5876894 288.658127 170.7367718
v 144.24548054 288.658127 170.7367718
v 144.24532795 288.65814223 -177.83460881
v 144.24548054 278.00035112 170.73677134
v 144.24532795 278.00033584 -177.83467031
v 144.24548054 288.658127 170.7367718
v 133.5876894 288.658127 170.7367718
v 133.5876894 278.00035112 170.73677134
v 144.24548054 278.00035112 170.73677134
v 133.58753681 288.65814223 -177.83460881
v 144.24532795 288.65814223 -177.83460881
v 144.24532795 278.00033584 -177.83467031
v 133.58753681 278.00033584 -177.83467031
v 133.58755207 50.02235329 -155.30126353
v 133.58764362 50.02234021 143.93453817
v 133.58764362 60.68013897 143.93453863
v 133.58755207 60.68015205 -155.30123255
v 144.24543476 60.68013897 143.93453863
v 144.24532795 60.68015205 -155.30123255
v 144.24543476 50.02234021 143.93453817
v 144.24532795 50.02235329 -155.30126353
v 144.24543476 60.68013897 143.93453863
v 133.58764362 60.68013897 143.93453863
v 133.58764362 50.02234021 143.93453817
v 144.24543476 50.02234021 143.93453817
v 133.58755207 60.68015205 -155.30123255
v 144.24532795 60.68015205 -155.30123255
v 144.24532795 50.02235329 -155.30126353
v 133.58755207 50.02235329 -155.30126353
v 144.24532795 50.02235329 -155.30126353
v 144.24543476 50.02234021 143.93453817
v 133.58753681 160.57348616 -170.76649918
v 133.58764362 160.57347154 163.66858231
v 133.58764362 171.23127794 163.66858277
v 133.58753681 171.23129256 -170.76646819
v 144.24543476 171.23127794 163.66858277
v 144.24532795 171.23129256 -170.76646819
v 144.24543476 160.57347154 163.66858231
v 144.24532795 160.57348616 -170.76649918
v 144.24543476 171.23127794 163.66858277
v 133.58764362 171.23127794 163.66858277
v 133.58764362 160.57347154 163.66858231
v 144.24543476 160.57347154 163.66858231
v 133.58753681 171.23129256 -170.76646819
v 144.24532795 171.23129256 -170.76646819
v 144.24532795 160.57348616 -170.76649918
v 133.58753681 160.57348616 -170.76649918
v 133.58764362 160.57347154 163.66858231
v 133.58753681 160.57348616 -170.76649918
v -159.04414654 2.2229486 118.86037073
v -163.48219585 2.49E-06 117.58606339
v -163.48222637 288.65813387 13.40796779
v -159.96892071 288.65813379 15.37671779
v -163.48219585 8.89183271 122.68329278
v -159.04414654 6.66887134 121.40899306
v -159.96892071 288.6581031 19.31418727
v -163.48222637 288.65810301 21.28291629
v -167.92024517 6.66887134 121.40899306
v -166.99553204 288.6581031 19.31418918
v -167.92024517 2.2229486 118.86037073
v -166.99553204 288.65813379 15.3767216
v -159.04414654 2.2229486 118.86037073
v -159.96892071 288.65813379 15.37671779
v 149.57424641 288.65813352 21.53369639
v 149.57424641 2.49E-06 117.58597946
v 145.13622761 2.2229486 118.86027155
v 146.060956 288.65813343 23.50244258
v 146.060956 288.65813326 27.43991969
v 145.13622761 6.66887134 121.40887862
v 149.57424641 8.89183271 122.68320885
v 149.57426167 288.65810266 29.40865825
v 154.0123415 6.66887134 121.40887862
v 153.08753681 288.65813326 27.43991778
v 153.08753681 288.65813343 23.50244258
v 154.0123415 2.2229486 118.86027155
v 154.0123415 2.2229486 118.86027155
v 153.08753681 288.65813343 23.50244258
v -163.48224163 288.65813543 -22.20347478
v -163.48225689 -3.262E-05 -126.38164902
v -159.04423809 2.22295938 -127.65597143
v -159.96893597 288.65813552 -24.17220952
v -159.96893597 288.65810517 -28.10974004
v -159.04423809 6.66885182 -130.20455522
v -163.48225689 8.8918133 -131.47887763
v -163.48224163 288.65810526 -30.07845952
v -167.92032146 6.66885182 -130.20455522
v -166.99554729 288.65810517 -28.10974004
v -166.99554729 288.65813552 -24.17220952
v -167.92032146 2.22295938 -127.65597143
v -159.04423809 6.66885182 -130.20455522
v -159.96893597 288.65810517 -28.10974004
v 145.13615131 2.22295938 -127.65606298
v 149.57417011 -3.262E-05 -126.38175583
v 149.57421589 288.65813474 -6.31348683
v 146.06092548 288.65813482 -8.28221776
v 149.57417011 8.8918133 -131.47896919
v 145.13615131 6.66886708 -130.20464677
v 146.06092548 288.65810448 -12.2197025
v 149.57421589 288.65810456 -14.18845632
v 154.01223469 6.66886708 -130.20467729
v 153.08752155 288.65810448 -12.2197025
v 154.01223469 2.22295938 -127.6560935
v 153.08752155 288.65813482 -8.28221776
v 154.01223469 6.66886708 -130.20467729
v 153.08752155 288.65810448 -12.2197025
v -167.83977032 292.83621076 -142.54902513
v 196.56286335 292.83621076 -142.5491472
v 196.56286335 292.83621196 -170.03736742
v -167.83978558 292.83621196 -170.03724535
v -167.83978558 288.65811138 -170.03724553
v 196.56286335 288.65811138 -170.0373676
v -167.83977032 288.65811017 -142.54902532
v 196.56286335 288.65811017 -142.54914739
v -167.83978558 292.83621196 -170.03724535
v -167.83978558 288.65811138 -170.03724553
v -167.83977032 288.65811017 -142.54902532
v -167.83977032 292.83621076 -142.54902513
v 196.56286335 288.65811017 -142.54914739
v 196.56286335 288.65811138 -170.0373676
v 196.56286335 292.83621196 -170.03736742
v 196.56286335 292.83621076 -142.5491472
v 196.56286335 288.65811138 -170.0373676
v -167.83978558 288.65811138 -170.03724553
v -186.79181194 293.99029112 -76.45952466
v -66.85650921 293.99029169 -89.48939373
v -68.37392712 293.99029289 -116.93571332
v -188.30923748 293.99029232 -103.90586712
v -68.37392712 289.81219231 -116.9357135
v -68.37392712 293.99029289 -116.93571332
v 186.71908283 293.99029323 -124.63981488
v 186.71908283 289.81219264 -124.63981506
v -186.79181194 289.81219054 -76.45952484
v -66.85650921 289.81219111 -89.48939392
v 2.70454979 288.65813758 -71.41287877
v 2.02202415 288.65813638 -43.9331043
v -190.03959942 288.65813634 -43.10417058
v -189.35705853 288.65813755 -70.58397557
v -188.30923748 293.99029232 -103.90586712
v -188.30923748 289.81219174 -103.90586731
v -186.79181194 289.81219054 -76.45952484
v -186.79181194 293.99029112 -76.45952466
v -190.03959942 292.83623693 -43.1041704
v 2.02202415 292.83623697 -43.93310411
v 2.70454979 292.83623817 -71.41287859
v -189.35705853 292.83623813 -70.58397539
v 2.70454979 292.83623817 -71.41287859
v 194.76620197 292.83623771 -61.04342516
v 194.76620197 288.65813713 -61.04342534
v 2.32749939 288.65813543 -22.12009313
v 0.79932308 288.65813423 5.32565425
v -181.1202116 288.65813495 -11.2025707
v -179.59204388 288.65813615 -38.64834477
v -189.35705853 292.83623813 -70.58397539
v -189.35705853 288.65813755 -70.58397557
v -190.03959942 288.65813634 -43.10417058
v -190.03959942 292.83623693 -43.1041704
v -181.1202116 292.83623554 -11.20257051
v 0.79932308 292.83623481 5.32565443
v 2.32749939 292.83623601 -22.12009294
v -179.59204388 292.83623674 -38.64834459
v 2.32749939 292.83623601 -22.12009294
v 184.24705219 292.83623585 -18.39005144
v 184.24705219 288.65813526 -18.39005162
v 94.06853199 288.65813366 18.4163811
v 93.06570911 288.65813245 45.88634656
v -178.61839581 288.6581331 31.16885493
v -177.61555767 288.6581343 3.69889186
v -179.59204388 292.83623674 -38.64834459
v -179.59204388 288.65813615 -38.64834477
v -181.1202116 288.65813495 -11.2025707
v -181.1202116 292.83623554 -11.20257051
v -178.61839581 292.83623368 31.16885512
v 93.06570911 292.83623304 45.88634674
v 94.06853199 292.83623424 18.41638128
v -177.61555767 292.83623488 3.69889204
v 94.06853199 288.65813366 18.4163811
v 186.54456806 292.8362343 16.99302237
v 186.54456806 288.65813372 16.99302218
v -42.93429661 288.65813219 51.86688731
v -42.93428898 288.65813099 79.35514186
v -167.83969402 288.65813109 77.12089656
v -167.83970928 288.65813229 49.63264583
v -177.61555767 292.83623488 3.69889204
v -177.61555767 288.6581343 3.69889186
v -178.61839581 288.6581331 31.16885493
v -178.61839581 292.83623368 31.16885512
v -167.83969402 292.83623168 77.12089674
v -42.93428898 292.83623158 79.35514204
v -42.93429661 292.83623278 51.8668875
v -167.83970928 292.83623288 49.63264601
v -42.93429661 292.83623278 51.8668875
v 196.56292439 292.83623273 52.93964903
v 196.56292439 288.65813215 52.93964885
v 185.54171467 288.65813252 44.4629905
v 185.54171467 292.8362331 44.46299069
v -167.83970928 292.83623288 49.63264601
v -167.83970928 288.65813229 49.63264583
v -167.83969402 288.65813109 77.12089656
v -167.83969402 292.83623168 77.12089674
v 188.23650837 289.81219144 -97.19349548
v 186.71908283 289.81219264 -124.63981506
v 186.71908283 293.99029323 -124.63981488
v 188.23650837 293.99029203 -97.1934953
v 194.0836916 288.65813593 -33.56362798
v 194.76620197 288.65813713 -61.04342534
v 194.76620197 292.83623771 -61.04342516
v 194.0836916 292.83623651 -33.56362779
v 182.71888447 288.65813406 9.05570529
v 184.24705219 288.65813526 -18.39005162
v 184.24705219 292.83623585 -18.39005144
v 182.71888447 292.83623465 9.05570547
v 185.54171467 288.65813252 44.4629905
v 186.54456806 288.65813372 16.99302218
v 186.54456806 292.8362343 16.99302237
v 185.54171467 292.8362331 44.46299069
v 186.54456806 288.65813372 16.99302218
v -177.61555767 288.6581343 3.69889186
v 196.5629549 288.65813094 80.42791102
v 196.56292439 288.65813215 52.93964885
v 196.56292439 292.83623273 52.93964903
v 196.5629549 292.83623153 80.42791121
v -188.30923748 289.81219174 -103.90586731
v 182.71888447 288.65813406 9.05570529
v 182.71888447 292.83623465 9.05570547
v -179.59204388 292.83623674 -38.64834459
v 184.24705219 292.83623585 -18.39005144
v 194.0836916 288.65813593 -33.56362798
v 194.0836916 292.83623651 -33.56362779
v -189.35705853 292.83623813 -70.58397539
v 194.76620197 292.83623771 -61.04342516
v 188.23650837 289.81219144 -97.19349548
v 188.23650837 293.99029203 -97.1934953
v -188.30923748 293.99029232 -103.90586712
v 186.71908283 293.99029323 -124.63981488
v -167.83969402 288.65812927 118.77291225
v -78.62101269 288.6581291 122.61167262
v -78.62101269 292.83622969 122.6116728
v -167.83969402 292.83622985 118.77291243
v 107.34425068 292.83623006 114.00641768
v 196.5629549 292.83622985 118.77279036
v 196.5629549 292.83623106 91.28452437
v 107.34424305 292.83623126 86.51815169
v -167.83969402 288.65813047 91.28463862
v -167.83969402 292.83623106 91.28463881
v -78.62101269 292.83623089 95.12339918
v -78.62101269 288.6581303 95.123399
v -167.83969402 292.83623106 91.28463881
v -167.83969402 288.65813047 91.28463862
v -167.83969402 288.65812927 118.77291225
v -167.83969402 292.83622985 118.77291243
v 196.5629549 288.65812927 118.77279018
v 196.5629549 288.65813047 91.28452418
v 196.5629549 292.83623106 91.28452437
v 196.5629549 292.83622985 118.77279036
v -78.62101269 288.6581303 95.123399
v -167.83969402 288.65813047 91.28463862
v 107.34424305 288.65813068 86.5181515
v 196.5629549 288.65813047 91.28452418
v 107.34425068 288.65812948 114.00641749
v 196.5629549 288.65812927 118.77279018
v 107.34424305 288.65813068 86.5181515
v 196.5629549 288.65813047 91.28452418
v 196.5629549 288.65813094 80.42791102
v 196.5629549 292.83623153 80.42791121
v -167.83970928 292.83623288 49.63264601
v 196.56292439 292.83623273 52.93964903
v 24.76447773 103.86658323 46.36893536
v 24.88426685 105.59796318 47.07602343
v 28.4167223 105.59796321 46.47758945
v 28.29693317 103.86658325 45.77050043
v -23.9710207 102.13520556 58.86466282
v -24.26021099 101.41805399 57.15760865
v -21.42680836 101.41805401 56.67760529
v -21.13761425 102.13520558 58.38465565
v -24.5494051 102.13520571 55.45055836
v -24.6691885 103.86658286 54.74347378
v -21.83578205 103.86658288 54.26346279
v -21.71599865 102.13520573 54.97055119
v 24.48164082 99.11882587 44.69942526
v 25.27466297 97.15223478 49.38048215
v -21.58715343 97.1522345 55.73106427
v -22.38017368 99.11881796 51.05000357
v -24.5494051 105.59795185 55.45055851
v -21.71599865 105.59795187 54.97055134
v -24.26021099 106.31511486 57.15760886
v -23.9710207 105.5979517 58.86466297
v -21.13761425 105.59795172 58.3846558
v -21.42680836 106.31511488 56.67760551
v -23.85123158 103.86658265 59.57174755
v -21.01782513 103.86658267 59.09174419
v -24.26021099 101.41805399 57.15760865
v -21.42680836 101.41805401 56.67760529
v 25.46264362 102.13521355 50.4901244
v 25.17345142 101.41805436 48.78307404
v 28.7059145 101.41805438 48.18464341
v 28.99510288 102.13521358 49.89168995
v 25.46264362 105.59796303 50.49012455
v 25.58244038 103.86658302 51.19720532
v 29.11488819 103.86658304 50.5987785
v 28.99510288 105.59796306 49.8916901
v 25.17345142 106.31511523 48.78307426
v 28.7059145 106.31512193 48.18464362
v 24.88426685 102.1352137 47.07602327
v 28.4167223 102.13521373 46.4775893
v 25.17345142 101.41805436 48.78307404
v 28.7059145 101.41805438 48.18464341
v -21.71599865 102.13520573 54.97055119
v -21.83578205 103.86658288 54.26346279
v -22.70865345 103.86658311 49.11104656
v -22.38017368 99.11881796 51.05000357
v 25.46264362 105.59796303 50.49012455
v 25.17345142 106.31511523 48.78307426
v 25.27466297 110.58092307 49.38048274
v 26.0676775 108.61433985 54.06155107
v 24.76447773 103.86658323 46.36893536
v 24.88426685 102.1352137 47.07602327
v 24.48164082 99.11882587 44.69942526
v 24.15316486 103.86658339 42.76046444
v 25.17345142 101.41805436 48.78307404
v 25.27466297 97.15223478 49.38048215
v -21.71599865 105.59795187 54.97055134
v -21.42680836 106.31511488 56.67760551
v -21.58715343 110.58092279 55.73106486
v -22.38017368 108.61433998 51.05000398
v 24.88426685 105.59796318 47.07602343
v 24.48164082 108.61434026 44.69942949
v -21.01782513 103.86658267 59.09174419
v -21.13761425 102.13520558 58.38465565
v -20.79414082 99.11881755 60.41212897
v -20.46566343 103.86658253 62.35108639
v 26.0676775 99.11882546 54.06155066
v 26.39616108 103.86658281 56.00050808
v -20.46566343 103.86658253 62.35108639
v -20.79414082 99.11881755 60.41212897
v 26.0676775 108.61433985 54.06155107
v 25.27466297 110.58092307 49.38048274
v -21.58715343 110.58092279 55.73106486
v -20.79414082 108.61433957 60.41212938
v 24.48164082 108.61434026 44.69942949
v 24.15316486 103.86658339 42.76046444
v -22.70865345 103.86658311 49.11104656
v -22.38017368 108.61433998 51.05000398
v 25.27466297 97.15223478 49.38048215
v -21.58715343 97.1522345 55.73106427
v -21.42680836 101.41805401 56.67760529
v -21.58715343 97.1522345 55.73106427
v 25.46264362 102.13521355 50.4901244
v 26.0676775 99.11882546 54.06155066
v -21.13761425 105.59795172 58.3846558
v -20.79414082 108.61433957 60.41212938
v 25.58244038 103.86658302 51.19720532
v 26.39616108 103.86658281 56.00050808
v -24.6691885 103.86658286 54.74347378
v -24.5494051 102.13520571 55.45055836
v -24.26021099 101.41805399 57.15760865
v -23.9710207 102.13520556 58.86466282
v -23.85123158 103.86658265 59.57174755
v -23.9710207 105.5979517 58.86466297
v -24.26021099 106.31511486 57.15760886
v -24.5494051 105.59795185 55.45055851
v 28.7059145 101.41805438 48.18464341
v 28.4167223 102.13521373 46.4775893
v 28.29693317 103.86658325 45.77050043
v 28.4167223 105.59796321 46.47758945
v 28.7059145 106.31512193 48.18464362
v 28.99510288 105.59796306 49.8916901
v 29.11488819 103.86658304 50.5987785
v 28.99510288 102.13521358 49.89168995
v -153.23341656 79.72302061 -132.18483767
v -154.39192486 78.43095973 -131.47740975
v -154.70740032 77.72688098 -129.76958507
v -153.99505901 78.0232371 -128.06172984
v -152.67216778 79.14640602 -127.35430181
v -151.51365948 80.43845927 -128.06172973
v -151.19818401 81.14253039 -129.76958492
v -151.91054058 80.84618952 -131.47740964
v -82.26172161 3.29646139 -137.45867524
v -81.94623852 4.00054777 -139.16649992
v -80.78773785 5.29260102 -139.87392784
v -79.46484661 6.41576994 -139.16649981
v -78.75251293 6.71212606 -137.45867509
v -79.0679884 6.00803969 -135.7508199
v -80.22648907 4.71597117 -135.04342249
v -81.5493803 3.59281752 -135.75082
v -148.99244976 72.88355835 -132.59438387
v -154.39192486 78.43095973 -131.47740975
v -153.23341656 79.72302061 -132.18483767
v -147.84846783 74.1905347 -133.30193386
v -145.76118755 75.55657768 -130.88637594
v -151.19818401 81.14253039 -129.76958492
v -151.51365948 80.43845927 -128.06172973
v -146.03567791 74.81037705 -129.17870385
v -147.17616558 73.49981488 -128.47142852
v -152.67216778 79.14640602 -127.35430181
v -153.99505901 78.0232371 -128.06172984
v -148.51706219 72.39515488 -129.17870396
v -78.75251293 6.71212606 -137.45867509
v -84.18949413 12.29806352 -136.34188408
v -84.46747112 11.5554487 -134.6338763
v -79.0679884 6.00803969 -135.7508199
v -149.27043438 72.14094353 -130.88637609
v -154.70740032 77.72688098 -129.76958507
v -80.22648907 4.71597117 -135.04342249
v -85.61144543 10.24845709 -133.92629579
v -86.94887066 9.14022653 -134.6338764
v -81.5493803 3.59281752 -135.75082
v -146.51106548 75.29878052 -132.59438376
v -151.91054058 80.84618952 -131.47740964
v -150.54849529 70.04685763 -126.18032149
v -88.90567303 6.85275081 -131.54015702
v -85.34533978 9.97506518 -129.62417177
v -146.91008282 73.22643823 -124.16927399
v -80.78773785 5.29260102 -139.87392784
v -86.28374004 10.9391769 -138.75683164
v -84.9428587 12.04385216 -138.04955621
v -79.46484661 6.41576994 -139.16649981
v -154.70740032 77.72688098 -129.76958507
v -149.27043438 72.14094353 -130.88637609
v -87.69871807 8.8824141 -136.34188422
v -82.26172161 3.29646139 -137.45867524
v -82.26172161 3.29646139 -137.45867524
v -87.69871807 8.8824141 -136.34188422
v -87.42423534 9.62863 -138.04955631
v -81.94623852 4.00054777 -139.16649992
v -152.3669157 69.13888359 -130.982354
v -149.27043438 72.14094353 -130.88637609
v -148.99244976 72.88355835 -132.59438387
v -151.33195782 70.98925611 -135.68807292
v -89.82657909 7.66137549 -141.04793897
v -87.42423534 9.62863 -138.04955631
v -87.69871807 8.8824141 -136.34188422
v -90.78335857 5.86814713 -136.24590657
v -142.67656231 78.57084465 -130.98235359
v -145.76118755 75.55657768 -130.88637594
v -146.03567791 74.81037705 -129.17870385
v -143.63333416 76.77761629 -126.1803212
v -147.84846783 74.1905347 -133.30193386
v -148.11455059 74.46391898 -137.60405787
v -144.5542326 77.58625624 -135.68807263
v -146.51106548 75.29878052 -132.59438376
v -81.09298229 15.30010819 -136.24590616
v -84.18949413 12.29806352 -136.34188408
v -84.9428587 12.04385216 -138.04955621
v -82.91141033 14.39214941 -141.04793867
v -82.12794018 13.44973567 -131.54015673
v -84.46747112 11.5554487 -134.6338763
v -86.54983044 11.21255356 -143.05895566
v -86.28374004 10.9391769 -138.75683164
v -143.63333416 76.77761629 -126.1803212
v -82.12794018 13.44973567 -131.54015673
v -81.09298229 15.30010819 -136.24590616
v -142.67656231 78.57084465 -130.98235359
v -144.5542326 77.58625624 -135.68807263
v -82.91141033 14.39214941 -141.04793867
v -86.54983044 11.21255356 -143.05895566
v -148.11455059 74.46391898 -137.60405787
v -89.82657909 7.66137549 -141.04793897
v -151.33195782 70.98925611 -135.68807292
v -152.3669157 69.13888359 -130.982354
v -90.78335857 5.86814713 -136.24590657
v -90.78335857 5.86814713 -136.24590657
v -152.3669157 69.13888359 -130.982354
v -88.90567303 6.85275081 -131.54015702
v -86.94887066 9.14022653 -134.6338764
v -85.61144543 10.24845709 -133.92629579
v -85.34533978 9.97506518 -129.62417177
v -90.78335857 5.86814713 -136.24590657
v -87.69871807 8.8824141 -136.34188422
v -150.54849529 70.04685763 -126.18032149
v -148.51706219 72.39515488 -129.17870396
v -149.27043438 72.14094353 -130.88637609
v -152.3669157 69.13888359 -130.982354
v -146.91008282 73.22643823 -124.16927399
v -147.17616558 73.49981488 -128.47142852
v 108.49494648 52.65337028 78.67497102
v -122.40281963 52.65337028 78.67504731
vn 1 0 0
vn -0 0 -1
vn 0 0 1
vn -1 -0 0
vn -1 0 0
vn -1 -0 0
vn 0 0.3487 0.93724
vn 0 0.43546 0.90021
vn -0 0.3487 -0.93724
vn -0 0.43546 -0.90021
vn -0 -0.38268 -0.92388
vn 0 -0.92388 -0.38268
vn 1 0 0
vn -0 -0.55595 -0.83122
vn 0 -0.55595 0.83122
vn 0 1 0
vn -0 -0.4128 -0.91082
vn 0 -0.4128 0.91082
vn 0 -0.92388 0.38268
vn 0 -0.38268 0.92388
vn 0 -1 0
vn 1 0 -0
vn 1 0 -0
vn -0 -0.57938 -0.81506
vn 0 -0.57938 0.81506
vn 1 0 -0
vn 1 0 0
vn 0 0.38268 0.92388
vn 0 0.92388 0.38268
vn 0 0.92388 -0.38268
vn 0 0.38268 -0.92388
vn 0 -0.38268 0.92388
vn 0 -0.92388 0.38268
vn 0 -0.38268 -0.92388
vn 1 0 -0
vn 1 0 -0
vn 0 0.38268 -0.92388
vn 0 0.92388 -0.38268
vn -1 -0 0
vn 0 0.92388 0.38268
vn 1 0 -0
vn -1 0 0
vn -1 0 0
vn -1 0 0
vn 1 0 -0
vn -1 -0 0
vn 1 -0 -0
vn 0 0 1
vn 0 0.3487 0.93724
vn 0 0.43546 0.90021
vn -0 0 -1
vn -0 -0.4128 -0.91082
vn 0 -0.4128 0.91082
vn 0 -0.38268 0.92388
vn 0 -0.57938 -0.81506
vn -1 0 -0
vn -1 0 -0
vn 1 0 1E-05
vn -0 0.92388 -0.38268
vn 0 -0.38268 0.92388
vn -0 -0.38268 -0.92388
vn -0 0.38268 -0.92388
vn 0 0.92388 0.38268
vn 0 0.38268 0.92388
vn -1 -0 0
vn -1 0 -0
vn 1 -0 0
vn 1 0 0
vn -1 0 0
vn -0 -0.86602 -0.5
vn -0 0 -1
vn -0 0.86603 -0.5
vn 0 0.86603 0.5
vn 0 0.86603 0.5
vn 0 -0.86603 0.5
vn 0 -0.86603 0.5
vn 0 0 1
vn 1 -0 0
vn -1 0 0
vn -0 -1 0
vn -1 0 0
vn 0 1 0
vn 0 0 -1
vn 0 0 -1
vn 0 0 -1
vn 0.70165 -0.24047 -0.67072
vn -0 -0.33895 -0.94081
vn 0.78267 -0.20958 -0.5861
vn -0 0.34129 0.93996
vn 0.92937 0.12815 0.34619
vn 0.89383 0.15498 0.42077
vn -0.92937 0.12815 0.34619
vn -0.89383 0.15498 0.42077
vn -0.70165 -0.24047 -0.67071
vn -0.78267 -0.20958 -0.5861
vn -0 -0.31511 -0.94905
vn 0 -0.31511 -0.94905
vn -0.69381 -0.2259 -0.68381
vn -0.78675 -0.19306 -0.58631
vn -0.89032 0.14627 0.4312
vn -0.93109 0.11782 0.34523
vn -0 0.31692 0.94845
vn 0.93109 0.11782 0.34523
vn 0.89032 0.14627 0.43119
vn 0.78675 -0.19307 -0.58631
vn 0.69381 -0.2259 -0.68381
vn 0 -0.33895 0.94081
vn 0.70165 -0.24047 0.67072
vn 0.78267 -0.20958 0.5861
vn 0.89383 0.15498 -0.42077
vn 0.92937 0.12815 -0.34619
vn 0 0.34129 -0.93996
vn -0.92937 0.12815 -0.34619
vn -0.89383 0.15499 -0.42077
vn -0.78267 -0.20958 0.5861
vn -0.70165 -0.24047 0.67072
vn -0.71583 -0.26688 0.64526
vn 0 -0.38371 0.92346
vn -0 -0.38371 0.92346
vn -0.77453 -0.24141 0.58466
vn -1E-05 0.38699 -0.92209
vn -0.92588 0.14826 -0.3475
vn -0.90009 0.17052 -0.40095
vn -1E-05 0.38699 -0.92209
vn 0.92589 0.14826 -0.3475
vn 0.90009 0.17052 -0.40095
vn 0.71582 -0.26689 0.64527
vn 0.77453 -0.24141 0.58466
vn -0.03019 0 -0.99954
vn 0.10801 0 0.99415
vn -0.99848 0 0.0552
vn 0.05391 0 -0.99855
vn 0.00432 0 0.99999
vn -0.99969 0 -0.02483
vn 0.0205 0 -0.99979
vn -0.09048 0 0.9959
vn -0.99845 0 -0.05559
vn -0.01539 0 -0.99988
vn -0.05409 0 0.99854
vn -0.99933 0 -0.03648
vn 0.00448 0 -0.99999
vn -0.01789 0 0.99984
vn 0.01539 0 0.99988
vn 0.99848 0 -0.0552
vn 0.99969 0 0.02483
vn 0.99845 0 0.05559
vn 0.99933 0 0.03648
vn 0.05409 0 -0.99854
vn -0.0205 0 0.99979
vn 0.09048 0 -0.9959
vn -0.05391 0 0.99855
vn -0.00432 0 -0.99999
vn 0.03019 0 0.99954
vn -0.10801 0 -0.99415
vn -0.04299 0 0.99908
vn 0.04299 0 -0.99908
vn 0.05335 0 -0.99858
vn -0.05335 0 0.99858
vn 0.04622 0 0.99893
vn -0.04622 0 -0.99893
vn -0.00448 0 0.99999
vn 0.01789 0 -0.99984
vn -0.16703 -0 -0.98595
vn -0.11811 0.70711 -0.69717
vn 0.11811 -0.70711 0.69717
vn 0 -1 0
vn -0.11811 -0.70711 -0.69717
vn -0.09444 -0.71097 -0.69685
vn 0.00108 -0.99997 0.008
vn -0.00108 -0.99997 -0.008
vn -0.09552 -0.7029 -0.70485
vn -0.11811 0.70711 -0.69717
vn 0 1 0
vn 0.11811 0.70711 0.69717
vn 0.11811 0.70711 0.69717
vn 0.16703 -0 0.98595
vn 0.11811 -0.70711 0.69717
vn 0.11811 -0.70711 0.69717
vn 0.11811 0.70711 0.69717
vn 0.16703 -0 0.98595
vn -0 1 0
vn -0.11811 -0.70711 -0.69717
vn -0.98595 -0 0.16703
vn 0.98595 0 -0.16703
vn 0.98595 -0 -0.16703
vn 0.98595 0 -0.16703
vn -0.98595 0 0.16703
vn -0.98595 0 0.16703
vn 0.09552 -0.7029 0.70485
vn 0.13429 0 0.99094
vn 0.09443 -0.71097 0.69685
vn 0.09552 0.7029 0.70485
vn 0.00108 0.99997 0.008
vn -0.00108 0.99997 -0.008
vn 0.09443 0.71097 0.69685
vn -0.09444 0.71097 -0.69685
vn -0.13429 0 -0.99094
vn -0.09552 0.7029 -0.70485
vn -0.98595 -0 0.16703
vn -0.68801 0.70686 0.16431
vn 0.68801 -0.70685 -0.16432
vn -0.58127 -0.42621 -0.69316
vn -0.5758 -0.4191 -0.702
vn -0.09974 0.10247 -0.98972
vn -0.09975 0.10247 -0.98972
vn 0.7177 0.69623 0.01317
vn 0.71589 0.69819 -0.00546
vn 0.57826 0.42458 0.69667
vn 0.57205 0.41659 0.70655
vn 0.09806 -0.10074 0.99007
vn 0.09806 -0.10074 0.99007
vn -0.44004 -0.56657 0.69668
vn -0.43189 -0.56059 0.70655
vn 0.71728 0.69677 0.00546
vn 0.71536 0.69863 -0.01317
vn 0.58127 0.42621 0.69316
vn 0.5758 0.4191 0.702
vn -0.71537 -0.69862 0.01317
vn -0.71728 -0.69676 -0.00546
vn 0.09974 -0.10248 0.98972
vn -0.44176 -0.56954 0.69316
vn -0.43451 -0.56426 0.702
vn 0.44176 0.56954 -0.69316
vn 0.43451 0.56426 -0.702
vn -0.48239 -0.5294 0.69788
vn -0.46976 -0.51853 0.71446
vn 0.0428 -0.04398 0.99812
vn -0.09806 0.10074 -0.99007
vn -0.09805 0.10074 -0.99007
vn 0.43189 0.56059 -0.70655
vn 0.44004 0.56657 -0.69668
vn -0.7177 -0.69623 -0.01317
vn -0.71589 -0.69819 0.00546
vn -0.57205 -0.41659 -0.70655
vn -0.57825 -0.42457 -0.69668
vn -0.69154 0.70917 0.13731
vn -0.69125 0.70945 0.13732
vn -0.70738 0.69715 0.1166
vn -0.7074 0.69718 0.11628
vn 0.70704 -0.6973 -0.11773
vn 0.70707 -0.69732 -0.11749
vn 0.69051 -0.71016 -0.13732
vn 0.69022 -0.71045 -0.13731
vn -0.69022 0.71045 0.13731
vn -0.69051 0.71016 0.13732
vn -0.70707 0.69731 0.11749
vn -0.70705 0.6973 0.11773
vn -0.69424 0.71326 0.0964
vn -0.67781 0.72598 0.11628
vn -0.67778 0.72596 0.1166
vn 0.69154 -0.70917 -0.13731
vn 0.69124 -0.70945 -0.13732
vn 0.67795 -0.72565 -0.11749
vn 0.67794 -0.72563 -0.11774
vn 0.7074 -0.69718 -0.11628
vn 0.70738 -0.69715 -0.11661
vn 0.69419 -0.71321 -0.09711
vn 0.54225 0.46791 0.69788
vn 0.53103 0.45557 0.71446
vn 0.71721 0.69666 0.01663
vn 0.71578 0.69812 -0.01663
vn 0.46976 0.51853 -0.71446
vn 0.48239 0.5294 -0.69788
vn -0.0428 0.04397 -0.99812
vn -0.54224 -0.46791 -0.69788
vn -0.53103 -0.45557 -0.71446
vn -0.71721 -0.69666 -0.01662
vn -0.71578 -0.69812 0.01663
vn 0.67781 -0.72598 -0.11629
vn 0.67778 -0.72596 -0.11661
vn 0.69424 -0.71326 -0.09641
vn -0.67794 0.72563 0.11774
vn -0.67795 0.72566 0.11749
vn -0.69419 0.71321 0.09711
vt 0.23331 0.46019
vt 0.21177 0.54471
vt 0.237 0.5468
vt 0.24435 0.46113
vt 0.69106 0.27829
vt 0.69106 0.32445
vt 0.70136 0.32445
vt 0.70136 0.27829
vt 0.70136 0.51886
vt 0.70136 0.4727
vt 0.69106 0.4727
vt 0.69106 0.51886
vt 0.16544 0.5946
vt 0.16499 0.59459
vt 0.16504 0.59493
vt 0.16534 0.59449
vt 0.20115 0.58146
vt 0.20429 0.59551
vt 0.2239 0.59508
vt 0.21774 0.58199
vt 0.16446 0.59443
vt 0.16366 0.59451
vt 0.16423 0.59501
vt 0.16467 0.59494
vt 0.16814 0.5945
vt 0.16826 0.59542
vt 0.17022 0.59542
vt 0.16902 0.59305
vt 0.70136 0.46049
vt 0.70136 0.45037
vt 0.69106 0.45037
vt 0.69106 0.46049
vt 0.13065 0.58147
vt 0.12751 0.59551
vt 0.14825 0.59558
vt 0.14832 0.58111
vt 0.69106 0.33667
vt 0.69106 0.34678
vt 0.70136 0.34678
vt 0.70136 0.33667
vt 0.70136 0.43265
vt 0.70136 0.41644
vt 0.69106 0.41644
vt 0.69106 0.43265
vt 0.20407 0.5644
vt 0.2254 0.56592
vt 0.12002 0.54471
vt 0.12773 0.56441
vt 0.14924 0.56335
vt 0.14535 0.54289
vt 0.1659 0.56262
vt 0.1659 0.54191
vt 0.18256 0.56335
vt 0.18645 0.54289
vt 0.1659 0.57898
vt 0.18348 0.5811
vt 0.69106 0.24436
vt 0.70136 0.24436
vt 0.70136 0.23671
vt 0.69106 0.23671
vt 0.14805 0.60957
vt 0.1453 0.64004
vt 0.16589 0.64087
vt 0.1659 0.61142
vt 0.18647 0.64005
vt 0.18375 0.60957
vt 0.16684 0.59458
vt 0.16736 0.59442
vt 0.16717 0.59354
vt 0.16655 0.59416
vt 0.16591 0.59298
vt 0.16591 0.59388
vt 0.16465 0.59355
vt 0.16528 0.59417
vt 0.1659 0.59103
vt 0.16278 0.59306
vt 0.69106 0.25201
vt 0.70136 0.25201
vt 0.16891 0.5976
vt 0.16676 0.59675
vt 0.1659 0.59708
vt 0.1659 0.59932
vt 0.16504 0.59673
vt 0.16287 0.5976
vt 0.16641 0.59459
vt 0.16631 0.59468
vt 0.16591 0.59415
vt 0.16553 0.59469
vt 0.09848 0.46019
vt 0.10952 0.45919
vt 0.1659 0.52958
vt 0.22227 0.45919
vt 0.35654 0.31078
vt 0.35654 0.26251
vt 0.34624 0.26251
vt 0.34624 0.31078
vt 0.35654 0.35905
vt 0.34624 0.35905
vt 0.1782 0.58575
vt 0.1703 0.59242
vt 0.17128 0.59543
vt 0.18039 0.59552
vt 0.1659 0.58161
vt 0.1659 0.58998
vt 0.1536 0.58575
vt 0.1615 0.59242
vt 0.1514 0.59552
vt 0.16052 0.59543
vt 0.69106 0.35533
vt 0.70136 0.35533
vt 0.70136 0.44182
vt 0.69106 0.44182
vt 0.69106 0.25967
vt 0.70136 0.25967
vt 0.69106 0.26732
vt 0.70136 0.26732
vt 0.16353 0.59544
vt 0.16434 0.59541
vt 0.15351 0.6049
vt 0.16149 0.59818
vt 0.1659 0.60889
vt 0.1659 0.60048
vt 0.1678 0.59593
vt 0.16744 0.59538
vt 0.16711 0.5956
vt 0.17828 0.60491
vt 0.1703 0.59818
vt 0.12222 0.60886
vt 0.1079 0.59509
vt 0.09769 0.60738
vt 0.20959 0.60885
vt 0.18354 0.59558
vt 0.70136 0.3645
vt 0.69106 0.3645
vt 0.16398 0.59595
vt 0.16157 0.59543
vt 0.69106 0.38071
vt 0.70136 0.38071
vt 0.69106 0.39691
vt 0.70136 0.39691
vt 0.69106 0.27497
vt 0.70136 0.27497
vt 0.69106 0.22141
vt 0.70136 0.22141
vt 0.70136 0.21376
vt 0.69106 0.21376
vt 0.16592 0.59625
vt 0.1655 0.59619
vt 0.16635 0.59621
vt 0.69106 0.22906
vt 0.70136 0.22906
vt 0.16588 0.67373
vt 0.1884 0.67183
vt 0.14336 0.67182
vt 0.70136 0.40024
vt 0.69106 0.40024
vt 0.62148 0.28445
vt 0.61118 0.28445
vt 0.61118 0.2921
vt 0.62148 0.2921
vt 0.62148 0.2768
vt 0.61118 0.2768
vt 0.23411 0.60737
vt 0.62148 0.26915
vt 0.61118 0.26915
vt 0.1665 0.59449
vt 0.1668 0.59492
vt 0.62148 0.2615
vt 0.61118 0.2615
vt 0.16715 0.59491
vt 0.16757 0.59499
vt 0.62148 0.25385
vt 0.61118 0.25385
vt 0.62148 0.2462
vt 0.61118 0.2462
vt 0.16464 0.59562
vt 0.62148 0.23855
vt 0.61118 0.23855
vt 0.08744 0.46113
vt 0.0948 0.5468
vt 0.61118 0.29975
vt 0.62148 0.29975
vt 0.1064 0.56592
vt 0.11406 0.582
vt 0.16661 0.59614
vt 0.16671 0.59621
vt 0.16679 0.59612
vt 0.1667 0.59611
vt 0.11687 0.66903
vt 0.11819 0.65727
vt 0.10578 0.65049
vt 0.09144 0.6659
vt 0.16521 0.59612
vt 0.16512 0.5962
vt 0.16513 0.59636
vt 0.21487 0.66903
vt 0.21354 0.65725
vt 0.19981 0.65291
vt 0.1675 0.59623
vt 0.16751 0.59675
vt 0.12158 0.62008
vt 0.1343 0.62616
vt 0.21022 0.62007
vt 0.22351 0.62449
vt 0.1643 0.59625
vt 0.1646 0.59604
vt 0.16492 0.59593
vt 0.16486 0.59601
vt 0.16504 0.5961
vt 0.16514 0.5961
vt 0.09505 0.63615
vt 0.10177 0.63691
vt 0.10829 0.6245
vt 0.13845 0.63978
vt 0.16484 0.59663
vt 0.23676 0.63615
vt 0.23003 0.63691
vt 0.226 0.65049
vt 0.24033 0.66595
vt 0.16689 0.59596
vt 0.16696 0.59602
vt 0.1672 0.59604
vt 0.19332 0.63977
vt 0.16697 0.59666
vt 0.13195 0.65287
vt 0.16425 0.59677
vt 0.19751 0.62619
vt 0.1667 0.5964
vt 0.46711 0.39069
vt 0.49233 0.3886
vt 0.4708 0.30408
vt 0.45976 0.30502
vt 0.44598 0.29722
vt 0.45628 0.29722
vt 0.45628 0.25107
vt 0.44598 0.25107
vt 0.44265 0.32353
vt 0.43236 0.32353
vt 0.43236 0.36968
vt 0.44265 0.36968
vt 0.53909 0.4388
vt 0.53913 0.43847
vt 0.5387 0.43848
vt 0.53879 0.43837
vt 0.4802 0.43897
vt 0.49981 0.43941
vt 0.50296 0.42536
vt 0.48636 0.42588
vt 0.53987 0.43888
vt 0.54044 0.43839
vt 0.53966 0.43831
vt 0.53944 0.43881
vt 0.53389 0.43931
vt 0.53585 0.43931
vt 0.53598 0.43839
vt 0.53509 0.43694
vt 0.44265 0.3012
vt 0.43236 0.3012
vt 0.43236 0.31131
vt 0.44265 0.31131
vt 0.55585 0.43947
vt 0.5766 0.4394
vt 0.57346 0.42535
vt 0.55579 0.42499
vt 0.44598 0.31955
vt 0.45628 0.31955
vt 0.45628 0.30944
vt 0.44598 0.30944
vt 0.44265 0.26727
vt 0.43236 0.26727
vt 0.43236 0.28347
vt 0.44265 0.28347
vt 0.50003 0.40829
vt 0.47871 0.40981
vt 0.55487 0.40724
vt 0.57638 0.40829
vt 0.58408 0.3886
vt 0.55876 0.38678
vt 0.53821 0.40651
vt 0.53821 0.3858
vt 0.52155 0.40724
vt 0.51766 0.38678
vt 0.53821 0.42287
vt 0.52063 0.425
vt 0.78723 0.43277
vt 0.78723 0.42512
vt 0.77693 0.42512
vt 0.77693 0.43277
vt 0.53823 0.48476
vt 0.55881 0.48393
vt 0.55606 0.45345
vt 0.53821 0.45531
vt 0.51764 0.48394
vt 0.52036 0.45347
vt 0.53695 0.43743
vt 0.53676 0.43831
vt 0.53728 0.43847
vt 0.53757 0.43805
vt 0.53821 0.43686
vt 0.53821 0.43776
vt 0.53946 0.43743
vt 0.53884 0.43805
vt 0.53821 0.43492
vt 0.54132 0.43694
vt 0.78723 0.41747
vt 0.77693 0.41747
vt 0.5382 0.44098
vt 0.53735 0.44064
vt 0.5352 0.44149
vt 0.53821 0.44321
vt 0.53906 0.44063
vt 0.54123 0.44149
vt 0.53771 0.43848
vt 0.53781 0.43857
vt 0.53821 0.43803
vt 0.5386 0.43857
vt 0.60562 0.30408
vt 0.59459 0.30308
vt 0.53821 0.37347
vt 0.48183 0.30308
vt 0.35986 0.35905
vt 0.37016 0.35905
vt 0.37016 0.31078
vt 0.35986 0.31078
vt 0.37016 0.26251
vt 0.35986 0.26251
vt 0.53284 0.43932
vt 0.53381 0.43631
vt 0.52591 0.42964
vt 0.52372 0.43941
vt 0.53821 0.43387
vt 0.53821 0.4255
vt 0.54261 0.43631
vt 0.55051 0.42963
vt 0.54359 0.43932
vt 0.5527 0.43941
vt 0.44598 0.3281
vt 0.45628 0.3281
vt 0.44265 0.29265
vt 0.43236 0.29265
vt 0.78723 0.40982
vt 0.77693 0.40982
vt 0.78723 0.40217
vt 0.77693 0.40217
vt 0.53973 0.43928
vt 0.54056 0.43932
vt 0.54262 0.44207
vt 0.5506 0.44879
vt 0.53821 0.44437
vt 0.53821 0.45278
vt 0.53668 0.43927
vt 0.53631 0.43982
vt 0.53701 0.4395
vt 0.53381 0.44207
vt 0.52583 0.4488
vt 0.59621 0.43897
vt 0.58189 0.45274
vt 0.60641 0.45127
vt 0.52057 0.43947
vt 0.49452 0.45275
vt 0.44598 0.33728
vt 0.45628 0.33728
vt 0.54253 0.43931
vt 0.5401 0.43984
vt 0.44598 0.35348
vt 0.45628 0.35348
vt 0.44598 0.36968
vt 0.45628 0.36968
vt 0.78723 0.39452
vt 0.77693 0.39452
vt 0.78723 0.45573
vt 0.78723 0.44808
vt 0.77693 0.44808
vt 0.77693 0.45573
vt 0.53862 0.4401
vt 0.5382 0.44015
vt 0.53776 0.44011
vt 0.78723 0.44042
vt 0.77693 0.44042
vt 0.51572 0.51572
vt 0.53824 0.51761
vt 0.56075 0.5157
vt 0.44265 0.25107
vt 0.43236 0.25107
vt 0.77693 0.46671
vt 0.77693 0.47436
vt 0.78723 0.47436
vt 0.78723 0.46671
vt 0.77693 0.48201
vt 0.78723 0.48201
vt 0.46999 0.45126
vt 0.77693 0.48966
vt 0.78723 0.48966
vt 0.53732 0.4388
vt 0.53762 0.43837
vt 0.77693 0.49731
vt 0.78723 0.49731
vt 0.53654 0.43888
vt 0.53697 0.4388
vt 0.77693 0.50496
vt 0.78723 0.50496
vt 0.77693 0.51261
vt 0.78723 0.51261
vt 0.5394 0.4395
vt 0.77693 0.52026
vt 0.78723 0.52026
vt 0.60931 0.39069
vt 0.61666 0.30502
vt 0.77693 0.45905
vt 0.78723 0.45905
vt 0.59005 0.42588
vt 0.59771 0.40981
vt 0.53733 0.44002
vt 0.53741 0.44011
vt 0.5375 0.44004
vt 0.53741 0.44001
vt 0.59831 0.49436
vt 0.58586 0.50111
vt 0.5872 0.51288
vt 0.61263 0.50979
vt 0.53899 0.44028
vt 0.53899 0.44011
vt 0.53891 0.44003
vt 0.50429 0.49675
vt 0.49051 0.50117
vt 0.48919 0.51295
vt 0.53661 0.44064
vt 0.53662 0.44012
vt 0.56981 0.47005
vt 0.58252 0.46396
vt 0.48059 0.46839
vt 0.49388 0.46397
vt 0.53949 0.43994
vt 0.53978 0.44014
vt 0.53908 0.44001
vt 0.53923 0.43993
vt 0.53917 0.43986
vt 0.539 0.44001
vt 0.59581 0.46838
vt 0.60233 0.48079
vt 0.60905 0.48004
vt 0.56566 0.48365
vt 0.53925 0.44052
vt 0.47806 0.49441
vt 0.47406 0.48081
vt 0.46733 0.48005
vt 0.46373 0.50986
vt 0.53691 0.43994
vt 0.53716 0.43992
vt 0.53722 0.43986
vt 0.5108 0.48368
vt 0.53714 0.44056
vt 0.57215 0.49678
vt 0.53985 0.44067
vt 0.5066 0.47009
vt 0.53741 0.4403
vt 0.97925 0.22954
vt 0.97925 0.59549
vt 0.98561 0.59549
vt 0.98561 0.22954
vt 0.99198 0.22954
vt 0.99198 0.59549
vt 0.99834 0.59549
vt 0.99834 0.22954
vt 0.97289 0.22954
vt 0.97289 0.59549
vt 0.96016 0.22954
vt 0.96016 0.59549
vt 0.96653 0.59549
vt 0.96653 0.22954
vt 0.44311 0.50346
vt 0.44311 0.37301
vt 0.43236 0.37301
vt 0.43236 0.50346
vt 0.35699 0.49283
vt 0.35699 0.36237
vt 0.34624 0.36237
vt 0.34624 0.49283
vt 0.13212 0.67706
vt 0.13212 0.99834
vt 0.14287 0.99834
vt 0.14287 0.67706
vt 0.28408 0.99834
vt 0.28408 0.67706
vt 0.27333 0.67706
vt 0.27333 0.99834
vt 0.00166 0.99834
vt 0.00166 0.67706
vt 0.24767 0.2634
vt 0.24923 0.25792
vt 0.24923 0.24081
vt 0.24767 0.23533
vt 0.35957 0.25918
vt 0.35957 0.23111
vt 0.34624 0.23111
vt 0.34624 0.25918
vt 0.97063 0.69772
vt 0.97063 0.99834
vt 0.98775 0.99834
vt 0.98775 0.69772
vt 0.96042 0.69772
vt 0.96042 0.99834
vt 0.25944 0.24081
vt 0.261 0.23533
vt 0.60785 0.24502
vt 0.59752 0.24502
vt 0.59752 0.25835
vt 0.60785 0.25835
vt 0.59752 0.21695
vt 0.60785 0.21695
vt 0.60785 0.28642
vt 0.59752 0.28642
vt 0.59752 0.29975
vt 0.60785 0.29975
vt 0.261 0.2634
vt 0.25944 0.25792
vt 0.26588 0.25792
vt 0.26588 0.24081
vt 0.26433 0.23533
vt 0.26433 0.2634
vt 0.44568 0.21966
vt 0.43236 0.21966
vt 0.43236 0.24774
vt 0.44568 0.24774
vt 0.2761 0.25792
vt 0.27766 0.2634
vt 0.59419 0.25835
vt 0.59419 0.24502
vt 0.58386 0.24502
vt 0.58386 0.25835
vt 0.59419 0.21695
vt 0.58386 0.21695
vt 0.58386 0.28642
vt 0.59419 0.28642
vt 0.58386 0.29975
vt 0.59419 0.29975
vt 0.2761 0.24081
vt 0.27766 0.23533
vt 0.1879 0.45586
vt 0.20178 0.45586
vt 0.20178 0.06784
vt 0.1879 0.06784
vt 0.17402 0.45586
vt 0.17402 0.06784
vt 0.16015 0.45586
vt 0.16015 0.06784
vt 0.26733 0.21252
vt 0.28121 0.21252
vt 0.28121 0.19865
vt 0.26733 0.19865
vt 0.14627 0.45586
vt 0.14627 0.06784
vt 0.12907 0.45586
vt 0.14295 0.45586
vt 0.14295 0.06784
vt 0.12907 0.06784
vt 0.1152 0.45586
vt 0.1152 0.06784
vt 0.26155 0.19843
vt 0.24767 0.19843
vt 0.24767 0.2123
vt 0.26155 0.2123
vt 0.10132 0.45586
vt 0.10132 0.06784
vt 0.08744 0.45586
vt 0.08744 0.06784
vt 0.81791 0.54452
vt 0.80403 0.54452
vt 0.80403 0.99834
vt 0.81791 0.99834
vt 0.83179 0.54452
vt 0.83179 0.99834
vt 0.84566 0.54452
vt 0.84566 0.99834
vt 0.69106 0.19656
vt 0.69106 0.21043
vt 0.70494 0.21043
vt 0.70494 0.19656
vt 0.79081 0.3315
vt 0.77693 0.3315
vt 0.77693 0.34537
vt 0.79081 0.34537
vt 0.85954 0.54452
vt 0.85954 0.99834
vt 0.41515 0.50346
vt 0.42903 0.50346
vt 0.42903 0.11388
vt 0.41515 0.11388
vt 0.40128 0.50346
vt 0.40128 0.11388
vt 0.3874 0.50346
vt 0.3874 0.11388
vt 0.77693 0.22828
vt 0.77693 0.24216
vt 0.79081 0.24216
vt 0.79081 0.22828
vt 0.77693 0.21108
vt 0.77693 0.22496
vt 0.79081 0.22496
vt 0.79081 0.21108
vt 0.37353 0.50346
vt 0.37353 0.11388
vt 0.67386 0.51886
vt 0.68774 0.51886
vt 0.68774 0.08345
vt 0.67386 0.08345
vt 0.65999 0.51886
vt 0.65999 0.08345
vt 0.64611 0.51886
vt 0.64611 0.08345
vt 0.61118 0.20165
vt 0.61118 0.21552
vt 0.62505 0.21552
vt 0.62505 0.20165
vt 0.77693 0.19388
vt 0.77693 0.20776
vt 0.79081 0.20776
vt 0.79081 0.19388
vt 0.63223 0.51886
vt 0.63223 0.08345
vt 0.90449 0.60698
vt 0.90449 0.21896
vt 0.89061 0.21896
vt 0.89061 0.60698
vt 0.87674 0.21896
vt 0.87674 0.60698
vt 0.86286 0.21896
vt 0.86286 0.60698
vt 0.36011 0.2083
vt 0.36011 0.19443
vt 0.34624 0.19443
vt 0.34624 0.2083
vt 0.91837 0.60698
vt 0.91837 0.21896
vt 0.87674 0.61031
vt 0.87674 0.99834
vt 0.89061 0.99834
vt 0.89061 0.61031
vt 0.90449 0.99834
vt 0.90449 0.61031
vt 0.79081 0.27989
vt 0.77693 0.27989
vt 0.77693 0.29377
vt 0.79081 0.29377
vt 0.91837 0.99834
vt 0.91837 0.61031
vt 0.86286 0.61031
vt 0.86286 0.99834
vt 0.84566 0.08738
vt 0.84566 0.5412
vt 0.85954 0.5412
vt 0.85954 0.08738
vt 0.80403 0.08738
vt 0.80403 0.5412
vt 0.81791 0.5412
vt 0.81791 0.08738
vt 0.83179 0.5412
vt 0.83179 0.08738
vt 0.77693 0.31429
vt 0.77693 0.32817
vt 0.79081 0.32817
vt 0.79081 0.31429
vt 0.77693 0.31097
vt 0.79081 0.31097
vt 0.79081 0.29709
vt 0.77693 0.29709
vt 0.32904 0.49283
vt 0.32904 0.10325
vt 0.31516 0.10325
vt 0.31516 0.49283
vt 0.30128 0.10325
vt 0.30128 0.49283
vt 0.28741 0.10325
vt 0.28741 0.49283
vt 0.77693 0.27656
vt 0.79081 0.27656
vt 0.79081 0.26269
vt 0.77693 0.26269
vt 0.77693 0.25936
vt 0.79081 0.25936
vt 0.79081 0.24549
vt 0.77693 0.24549
vt 0.34291 0.49283
vt 0.34291 0.10325
vt 0.7181 0.08485
vt 0.7181 0.52026
vt 0.73198 0.52026
vt 0.73198 0.08485
vt 0.74585 0.52026
vt 0.74585 0.08485
vt 0.75973 0.52026
vt 0.75973 0.08485
vt 0.58386 0.21362
vt 0.59773 0.21362
vt 0.59773 0.19975
vt 0.58386 0.19975
vt 0.44623 0.20246
vt 0.43236 0.20246
vt 0.43236 0.21634
vt 0.44623 0.21634
vt 0.77361 0.52026
vt 0.77361 0.08485
vt 0.2051 0.45364
vt 0.21139 0.45586
vt 0.21543 0.05634
vt 0.21025 0.05716
vt 0.22917 0.44735
vt 0.23547 0.44953
vt 0.23574 0.05908
vt 0.23057 0.05994
vt 0.22285 0.44949
vt 0.2254 0.05904
vt 0.21773 0.45377
vt 0.22059 0.05727
vt 0.24056 0.45385
vt 0.24056 0.05734
vt 0.93159 0.19944
vt 0.92796 0.59549
vt 0.93427 0.59333
vt 0.93676 0.20029
vt 0.94161 0.20194
vt 0.93928 0.58891
vt 0.94558 0.58671
vt 0.94679 0.20277
vt 0.95186 0.58895
vt 0.95197 0.20197
vt 0.9264 0.2002
vt 0.92169 0.59321
vt 0.95684 0.5934
vt 0.95684 0.20035
vt 0.93678 0.99834
vt 0.93302 0.59882
vt 0.92673 0.60103
vt 0.9316 0.99752
vt 0.9571 0.99561
vt 0.9571 0.60516
vt 0.95079 0.60734
vt 0.95192 0.99476
vt 0.94447 0.6052
vt 0.94675 0.99564
vt 0.94195 0.99742
vt 0.93935 0.60092
vt 0.92169 0.60541
vt 0.92676 0.99583
vt 0.26561 0.2687
vt 0.25924 0.26673
vt 0.26349 0.67373
vt 0.26863 0.67269
vt 0.2773 0.27473
vt 0.27093 0.27272
vt 0.27335 0.67069
vt 0.27849 0.66968
vt 0.28365 0.27268
vt 0.28365 0.67066
vt 0.25291 0.26883
vt 0.25833 0.6728
vt 0.24767 0.27297
vt 0.25357 0.67089
vt 0.04289 0.19931
vt 0.04289 0.67373
vt 0.07868 0.67373
vt 0.07868 0.19931
vt 0.08412 0.19931
vt 0.08412 0.67373
vt 0.03745 0.19931
vt 0.03745 0.67373
vt 0.44644 0.50346
vt 0.45188 0.50346
vt 0.45188 0.46768
vt 0.44644 0.46768
vt 0.36032 0.41793
vt 0.36032 0.45372
vt 0.36576 0.45372
vt 0.36576 0.41793
vt 0.00166 0.67373
vt 0.00166 0.19931
vt 0.42039 0.50679
vt 0.42043 0.66464
vt 0.45643 0.66517
vt 0.45568 0.50859
vt 0.37896 0.66512
vt 0.37353 0.66511
vt 0.37356 0.99742
vt 0.37907 0.99741
vt 0.41499 0.50679
vt 0.41496 0.66464
vt 0.36476 0.74741
vt 0.32882 0.74743
vt 0.32902 0.99833
vt 0.3645 0.9973
vt 0.62542 0.4036
vt 0.61998 0.4036
vt 0.61998 0.43938
vt 0.62542 0.43938
vt 0.32362 0.99834
vt 0.32336 0.74743
vt 0.28741 0.74744
vt 0.28814 0.99737
vt 0.3702 0.74741
vt 0.36976 0.49714
vt 0.36427 0.49716
vt 0.63769 0.76072
vt 0.67347 0.76072
vt 0.67341 0.52343
vt 0.63789 0.52219
vt 0.62542 0.48182
vt 0.61998 0.48182
vt 0.61998 0.51761
vt 0.62542 0.51761
vt 0.6789 0.52343
vt 0.6789 0.76072
vt 0.71468 0.76072
vt 0.71478 0.52219
vt 0.63223 0.76072
vt 0.63249 0.99834
vt 0.63789 0.99833
vt 0.62873 0.64336
vt 0.59294 0.64404
vt 0.59305 0.99768
vt 0.62891 0.9983
vt 0.44644 0.42524
vt 0.45188 0.42524
vt 0.45188 0.38945
vt 0.44644 0.38945
vt 0.58756 0.99768
vt 0.58752 0.64404
vt 0.55174 0.64338
vt 0.55207 0.99833
vt 0.54628 0.64338
vt 0.55181 0.52224
vt 0.54633 0.52224
vt 0.72359 0.68629
vt 0.75936 0.68669
vt 0.75934 0.52422
vt 0.72361 0.52359
vt 0.62542 0.36448
vt 0.61998 0.36448
vt 0.61998 0.40027
vt 0.62542 0.40027
vt 0.76478 0.52422
vt 0.76479 0.68669
vt 0.80055 0.68627
vt 0.80058 0.52359
vt 0.71815 0.68629
vt 0.7181 0.99818
vt 0.72353 0.99818
vt 0.59295 0.52404
vt 0.58746 0.52404
vt 0.70469 0.44063
vt 0.71013 0.44063
vt 0.71013 0.40484
vt 0.70469 0.40484
vt 0.70469 0.44396
vt 0.70469 0.47974
vt 0.71013 0.47974
vt 0.71013 0.44396
vt 0.36576 0.49283
vt 0.36576 0.45704
vt 0.36032 0.45704
vt 0.36032 0.49283
vt 0.61998 0.44271
vt 0.61998 0.4785
vt 0.62542 0.4785
vt 0.62542 0.44271
vt 0.62542 0.36115
vt 0.62542 0.32537
vt 0.61998 0.32537
vt 0.61998 0.36115
vt 0.62891 0.52222
vt 0.54668 0.99834
vt 0.45188 0.46435
vt 0.45188 0.42856
vt 0.44644 0.42856
vt 0.44644 0.46435
vt 0.37969 0.50857
vt 0.67341 0.99708
vt 0.6789 0.99708
vt 0.63244 0.52218
vt 0.71478 0.99833
vt 0.32879 0.49616
vt 0.32339 0.49616
vt 0.36994 0.9973
vt 0.28791 0.49715
vt 0.41447 0.99833
vt 0.41986 0.99834
vt 0.37427 0.50855
vt 0.45527 0.99754
vt 0.49663 0.5224
vt 0.49657 0.63722
vt 0.50194 0.63722
vt 0.50208 0.5224
vt 0.50154 0.88096
vt 0.50155 0.99833
vt 0.53673 0.99652
vt 0.53755 0.88088
vt 0.54281 0.52094
vt 0.53745 0.52094
vt 0.53739 0.63724
vt 0.54285 0.63724
vt 0.36032 0.4146
vt 0.36576 0.4146
vt 0.36576 0.37881
vt 0.36032 0.37881
vt 0.70469 0.48307
vt 0.70469 0.51886
vt 0.71013 0.51886
vt 0.71013 0.48307
vt 0.46114 0.63712
vt 0.46089 0.52094
vt 0.54295 0.88089
vt 0.54214 0.99656
vt 0.49602 0.88095
vt 0.49615 0.99834
vt 0.45976 0.88082
vt 0.46094 0.99665
vt 0.7594 0.99834
vt 0.76484 0.99834
vt 0.71817 0.52359
vt 0.80071 0.99816
vt 0.70469 0.38227
vt 0.70469 0.38471
vt 0.70935 0.38471
vt 0.70935 0.38227
vt 0.70843 0.35699
vt 0.70843 0.35455
vt 0.70469 0.35455
vt 0.70469 0.35699
vt 0.70843 0.37163
vt 0.70843 0.36919
vt 0.70469 0.36919
vt 0.70469 0.37163
vt 0.52366 0.16932
vt 0.51697 0.16912
vt 0.51697 0.23069
vt 0.52366 0.23089
vt 0.70843 0.36675
vt 0.70469 0.36675
vt 0.70843 0.36431
vt 0.70843 0.36187
vt 0.70469 0.36187
vt 0.70469 0.36431
vt 0.70843 0.35943
vt 0.70469 0.35943
vt 0.70843 0.37407
vt 0.70469 0.37407
vt 0.70469 0.39447
vt 0.70469 0.39691
vt 0.70935 0.39691
vt 0.70935 0.39447
vt 0.70469 0.38959
vt 0.70469 0.39203
vt 0.70935 0.39203
vt 0.70935 0.38959
vt 0.70469 0.38715
vt 0.70935 0.38715
vt 0.70469 0.37983
vt 0.70935 0.37983
vt 0.70469 0.37739
vt 0.70935 0.37739
vt 0.27788 0.22399
vt 0.27615 0.22572
vt 0.27876 0.232
vt 0.28349 0.22727
vt 0.35583 0.21749
vt 0.35756 0.21921
vt 0.36239 0.21636
vt 0.35766 0.21163
vt 0.35583 0.22338
vt 0.35339 0.22338
vt 0.35097 0.22778
vt 0.35766 0.22778
vt 0.35167 0.22165
vt 0.34624 0.22305
vt 0.27371 0.22572
vt 0.27199 0.22399
vt 0.26733 0.22727
vt 0.27207 0.232
vt 0.35756 0.22165
vt 0.36239 0.22305
vt 0.27371 0.21983
vt 0.27615 0.21983
vt 0.27876 0.21585
vt 0.27207 0.21585
vt 0.56379 0.16891
vt 0.55711 0.16883
vt 0.55711 0.2304
vt 0.56379 0.23048
vt 0.55041 0.16891
vt 0.54373 0.16912
vt 0.54373 0.23069
vt 0.55041 0.23048
vt 0.53704 0.16932
vt 0.53035 0.16941
vt 0.53035 0.23097
vt 0.53704 0.23089
vt 0.57048 0.16912
vt 0.57048 0.23069
vt 0.27788 0.22155
vt 0.28349 0.22058
vt 0.35167 0.21921
vt 0.34624 0.21636
vt 0.27199 0.22155
vt 0.26733 0.22058
vt 0.35339 0.21749
vt 0.35097 0.21163
vt 0.62171 0.31282
vt 0.62415 0.31282
vt 0.62587 0.3111
vt 0.62587 0.30866
vt 0.62415 0.30693
vt 0.62171 0.30693
vt 0.61998 0.30866
vt 0.61998 0.3111
vt 0.61998 0.32032
vt 0.62171 0.32204
vt 0.62415 0.32204
vt 0.62587 0.32032
vt 0.62587 0.31788
vt 0.62415 0.31615
vt 0.62171 0.31615
vt 0.61998 0.31788
vt 0.44816 0.38023
vt 0.44644 0.38196
vt 0.44644 0.3844
vt 0.44816 0.38612
vt 0.4506 0.38612
vt 0.45233 0.3844
vt 0.45233 0.38196
vt 0.4506 0.38023
vt 0.36448 0.3696
vt 0.36204 0.3696
vt 0.36032 0.37132
vt 0.36032 0.37376
vt 0.36204 0.37549
vt 0.36448 0.37549
vt 0.36621 0.37376
vt 0.36621 0.37132
vt 0.77719 0.38872
vt 0.78737 0.38875
vt 0.7874 0.38631
vt 0.77724 0.38628
vt 0.77709 0.38139
vt 0.78734 0.38143
vt 0.7873 0.379
vt 0.77698 0.37894
vt 0.77693 0.3765
vt 0.78729 0.37656
vt 0.78733 0.37412
vt 0.777 0.37406
vt 0.78734 0.35852
vt 0.77709 0.35848
vt 0.7772 0.36093
vt 0.78738 0.36096
vt 0.77706 0.39117
vt 0.78731 0.39119
vt 0.7874 0.3634
vt 0.77724 0.36337
vt 0.77719 0.36581
vt 0.78737 0.36584
vt 0.7772 0.38384
vt 0.78738 0.38387
vt 0.50687 0.29883
vt 0.50694 0.18369
vt 0.50029 0.18351
vt 0.50006 0.29864
vt 0.78729 0.35365
vt 0.77693 0.35359
vt 0.77698 0.35603
vt 0.7873 0.35609
vt 0.7874 0.37168
vt 0.77715 0.37161
vt 0.77706 0.36826
vt 0.78731 0.36828
vt 0.7874 0.34877
vt 0.77715 0.3487
vt 0.777 0.35115
vt 0.78733 0.35121
vt 0.62262 0.23522
vt 0.62059 0.22998
vt 0.61814 0.22998
vt 0.6159 0.23514
vt 0.26401 0.22722
vt 0.25883 0.22502
vt 0.25711 0.22677
vt 0.25918 0.23199
vt 0.61586 0.21895
vt 0.61814 0.22408
vt 0.62059 0.22408
vt 0.62265 0.21885
vt 0.61641 0.22826
vt 0.61122 0.23042
vt 0.61118 0.22377
vt 0.61641 0.22582
vt 0.25236 0.21573
vt 0.25464 0.22087
vt 0.25709 0.22086
vt 0.25914 0.21563
vt 0.24767 0.22055
vt 0.2529 0.2226
vt 0.26401 0.2204
vt 0.25882 0.22258
vt 0.49325 0.2988
vt 0.49364 0.18366
vt 0.48693 0.18405
vt 0.48647 0.29921
vt 0.47976 0.2996
vt 0.48016 0.18446
vt 0.47335 0.18462
vt 0.47311 0.29975
vt 0.46653 0.18443
vt 0.46647 0.29957
vt 0.51365 0.29926
vt 0.51365 0.18411
vt 0.45976 0.184
vt 0.45976 0.29915
vt 0.2524 0.23192
vt 0.25464 0.22677
vt 0.25291 0.22504
vt 0.24771 0.2272
vt 0.25912 0.232
vt 0.25709 0.22676
vt 0.62751 0.23044
vt 0.62234 0.22824
vt 0.62062 0.22998
vt 0.62268 0.23521
vt 0.62751 0.22362
vt 0.62233 0.2258
vt 0.99796 0.99834
vt 0.99796 0.69772
usemtl mat1
f 9/9/3 10/10/3 11/11/3
f 11/11/3 12/12/3 9/9/3
f 13/13/4 14/14/4 15/15/4
f 15/15/4 16/16/4 13/13/4
f 17/17/5 18/18/5 19/19/5
f 19/19/5 20/20/5 17/17/5
f 21/21/6 22/22/6 23/23/6
f 23/23/6 24/24/6 21/21/6
f 25/25/3 26/26/3 27/27/3
f 27/27/3 28/28/3 25/25/3
f 29/29/7 30/30/7 31/31/7
f 31/31/7 32/32/7 29/29/7
f 22/22/6 29/29/6 32/32/6
f 32/32/6 23/23/6 22/22/6
f 33/33/8 34/34/8 35/35/8
f 35/35/8 36/36/8 33/33/8
f 37/37/9 38/38/9 39/39/9
f 39/39/9 40/40/9 37/37/9
f 18/18/10 37/37/10 40/40/10
f 40/40/10 19/19/10 18/18/10
f 41/41/3 42/42/3 43/43/3
f 43/43/3 44/44/3 41/41/3
f 45/45/11 46/46/11 47/47/11
f 47/47/11 48/48/11 45/45/11
f 14/14/12 45/45/12 48/48/12
f 48/48/12 15/15/12 14/14/12
f 49/49/5 50/50/5 51/51/5
f 51/51/5 52/52/5 49/49/5
f 53/53/3 25/25/3 28/28/3
f 28/28/3 54/54/3 53/53/3
f 10/10/3 53/53/3 54/54/3
f 54/54/3 11/11/3 10/10/3
f 55/55/3 56/56/3 57/57/3
f 57/57/3 58/58/3 55/55/3
f 58/58/3 57/57/3 59/59/3
f 59/59/3 60/60/3 58/58/3
f 60/60/3 59/59/3 61/61/3
f 61/61/3 62/62/3 60/60/3
f 56/56/3 41/41/3 44/44/3
f 44/44/3 57/57/3 56/56/3
f 57/57/3 44/44/3 63/63/3
f 63/63/3 59/59/3 57/57/3
f 59/59/3 63/63/3 64/64/3
f 64/64/3 61/61/3 59/59/3
f 65/65/13 66/66/13 67/67/13
f 67/67/13 68/68/13 65/65/13
f 69/69/3 70/70/3 71/71/3
f 71/71/3 72/72/3 69/69/3
f 72/72/3 71/71/3 73/73/3
f 73/73/3 74/74/3 72/72/3
f 75/75/8 76/76/8 77/77/8
f 77/77/8 78/78/8 75/75/8
f 78/78/7 77/77/7 79/79/7
f 79/79/7 80/80/7 78/78/7
f 80/80/7 79/79/7 81/81/7
f 81/81/7 82/82/7 80/80/7
f 76/76/6 33/33/6 36/36/6
f 36/36/6 77/77/6 76/76/6
f 77/77/7 36/36/7 83/83/7
f 83/83/7 79/79/7 77/77/7
f 79/79/7 83/83/7 84/84/7
f 84/84/7 81/81/7 79/79/7
f 85/85/14 86/86/14 66/66/14
f 66/66/14 65/65/14 85/85/14
f 87/87/7 88/88/7 89/89/7
f 89/89/7 90/90/7 87/87/7
f 90/90/7 89/89/7 91/91/7
f 91/91/7 92/92/7 90/90/7
f 93/93/7 75/75/7 78/78/7
f 78/78/7 94/94/7 93/93/7
f 94/94/7 78/78/7 80/80/7
f 80/80/7 95/95/7 94/94/7
f 95/95/7 80/80/7 82/82/7
f 82/82/7 96/96/7 95/95/7
f 97/97/3 55/55/3 58/58/3
f 58/58/3 98/98/3 97/97/3
f 98/98/15 58/58/15 60/60/15
f 60/60/15 99/99/15 98/98/15
f 99/99/3 60/60/3 62/62/3
f 62/62/3 100/100/3 99/99/3
f 101/101/16 102/102/16 103/103/16
f 103/103/16 104/104/16 101/101/16
f 105/105/17 101/101/17 104/104/17
f 104/104/17 106/106/17 105/105/17
f 107/107/4 108/108/4 109/109/4
f 109/109/4 110/110/4 107/107/4
f 111/111/18 112/112/18 108/108/18
f 108/108/18 107/107/18 111/111/18
f 113/113/18 114/114/18 112/112/18
f 112/112/18 111/111/18 113/113/18
f 115/115/5 116/116/5 114/114/5
f 114/114/5 113/113/5 115/115/5
f 46/46/19 117/117/19 118/118/19
f 118/118/19 47/47/19 46/46/19
f 38/38/20 119/119/20 120/120/20
f 120/120/20 39/39/20 38/38/20
f 85/85/21 121/121/21 122/122/21
f 122/122/21 86/86/21 85/85/21
f 123/123/22 124/124/22 122/122/22
f 122/122/22 121/121/22 123/123/22
f 30/30/7 125/125/7 126/126/7
f 126/126/7 31/31/7 30/30/7
f 127/127/5 128/128/5 116/116/5
f 116/116/5 115/115/5 127/127/5
f 129/129/23 130/130/23 128/128/23
f 128/128/23 127/127/23 129/129/23
f 131/131/7 34/34/7 132/132/7
f 132/132/7 133/133/7 131/131/7
f 134/134/23 135/135/23 130/130/23
f 130/130/23 129/129/23 134/134/23
f 110/110/4 109/109/4 135/135/4
f 135/135/4 134/134/4 110/110/4
f 136/136/24 42/42/24 137/137/24
f 137/137/24 138/138/24 136/136/24
f 139/139/25 26/26/25 140/140/25
f 140/140/25 74/74/25 139/139/25
f 141/141/26 118/118/26 117/117/26
f 117/117/26 142/142/26 141/141/26
f 52/52/27 120/120/27 119/119/27
f 119/119/27 49/49/27 52/52/27
f 143/143/7 125/125/7 144/144/7
f 144/144/7 92/92/7 143/143/7
f 142/142/4 145/145/4 146/146/4
f 146/146/4 141/141/4 142/142/4
f 83/83/7 112/112/7 114/114/7
f 114/114/7 84/84/7 83/83/7
f 36/36/7 108/108/7 112/112/7
f 112/112/7 83/83/7 36/36/7
f 63/63/3 111/111/3 107/107/3
f 107/107/3 64/64/3 63/63/3
f 44/44/3 113/113/3 111/111/3
f 111/111/3 63/63/3 44/44/3
f 144/144/7 116/116/7 128/128/7
f 128/128/7 92/92/7 144/144/7
f 92/92/7 128/128/7 130/130/7
f 130/130/7 90/90/7 92/92/7
f 87/87/7 135/135/7 109/109/7
f 109/109/7 35/35/7 87/87/7
f 90/90/7 130/130/7 135/135/7
f 135/135/7 87/87/7 90/90/7
f 140/140/3 110/110/3 134/134/3
f 134/134/3 74/74/3 140/140/3
f 74/74/3 134/134/3 129/129/3
f 129/129/3 72/72/3 74/74/3
f 69/69/3 127/127/3 115/115/3
f 115/115/3 43/43/3 69/69/3
f 72/72/3 129/129/3 127/127/3
f 127/127/3 69/69/3 72/72/3
f 43/43/28 115/115/28 113/113/28
f 113/113/28 44/44/28 43/43/28
f 84/84/7 114/114/7 116/116/7
f 116/116/7 144/144/7 84/84/7
f 64/64/29 107/107/29 110/110/29
f 110/110/29 140/140/29 64/64/29
f 35/35/7 109/109/7 108/108/7
f 108/108/7 36/36/7 35/35/7
f 145/145/4 147/147/4 148/148/4
f 148/148/4 146/146/4 145/145/4
f 149/149/30 150/150/30 124/124/30
f 124/124/30 123/123/30 149/149/30
f 151/151/31 152/152/31 153/153/31
f 153/153/31 154/154/31 151/151/31
f 89/89/7 155/155/7 156/156/7
f 156/156/7 91/91/7 89/89/7
f 88/88/7 157/157/7 155/155/7
f 155/155/7 89/89/7 88/88/7
f 158/158/32 159/159/32 152/152/32
f 152/152/32 151/151/32 158/158/32
f 71/71/3 160/160/3 161/161/3
f 161/161/3 73/73/3 71/71/3
f 70/70/3 162/162/3 160/160/3
f 160/160/3 71/71/3 70/70/3
f 68/68/33 67/67/33 159/159/33
f 159/159/33 158/158/33 68/68/33
f 50/50/5 163/163/5 164/164/5
f 164/164/5 51/51/5 50/50/5
f 165/165/34 166/166/34 167/167/34
f 167/167/34 168/168/34 165/165/34
f 169/169/35 170/170/35 166/166/35
f 166/166/35 165/165/35 169/169/35
f 171/171/3 27/27/3 26/26/3
f 26/26/3 139/139/3 171/171/3
f 87/87/6 35/35/6 34/34/6
f 34/34/6 131/131/6 87/87/6
f 172/172/14 173/173/14 170/170/14
f 170/170/14 169/169/14 172/172/14
f 174/174/7 175/175/7 75/75/7
f 75/75/7 93/93/7 174/174/7
f 176/176/36 177/177/36 173/173/36
f 173/173/36 172/172/36 176/176/36
f 178/178/7 179/179/7 33/33/7
f 33/33/7 76/76/7 178/178/7
f 175/175/7 178/178/7 76/76/7
f 76/76/7 75/75/7 175/175/7
f 62/62/25 61/61/25 53/53/25
f 53/53/25 10/10/25 62/62/25
f 61/61/37 64/64/37 25/25/37
f 25/25/37 53/53/37 61/61/37
f 179/179/7 132/132/7 34/34/7
f 34/34/7 33/33/7 179/179/7
f 64/64/38 140/140/38 26/26/38
f 26/26/38 25/25/38 64/64/38
f 100/100/3 62/62/3 10/10/3
f 10/10/3 9/9/3 100/100/3
f 180/180/39 181/181/39 177/177/39
f 177/177/39 176/176/39 180/180/39
f 182/182/40 183/183/40 181/181/40
f 181/181/40 180/180/40 182/182/40
f 184/184/41 126/126/41 125/125/41
f 125/125/41 143/143/41 184/184/41
f 69/69/3 43/43/3 42/42/3
f 42/42/3 136/136/3 69/69/3
f 84/84/7 144/144/7 125/125/7
f 125/125/7 30/30/7 84/84/7
f 185/185/42 186/186/42 183/183/42
f 183/183/42 182/182/42 185/185/42
f 187/187/38 188/188/38 55/55/38
f 55/55/38 97/97/38 187/187/38
f 168/168/30 167/167/30 189/189/30
f 189/189/30 190/190/30 168/168/30
f 191/191/3 192/192/3 41/41/3
f 41/41/3 56/56/3 191/191/3
f 188/188/38 191/191/38 56/56/38
f 56/56/38 55/55/38 188/188/38
f 192/192/3 137/137/3 42/42/3
f 42/42/3 41/41/3 192/192/3
f 82/82/7 81/81/7 29/29/7
f 29/29/7 22/22/7 82/82/7
f 81/81/7 84/84/7 30/30/7
f 30/30/7 29/29/7 81/81/7
f 96/96/7 82/82/7 22/22/7
f 22/22/7 21/21/7 96/96/7
f 193/193/6 194/194/6 195/195/6
f 195/195/6 196/196/6 193/193/6
f 197/197/24 198/198/24 199/199/24
f 199/199/24 200/200/24 197/197/24
f 201/201/6 202/202/6 203/203/6
f 203/203/6 156/156/6 201/201/6
f 204/204/43 205/205/43 206/206/43
f 206/206/43 161/161/43 204/204/43
f 131/131/44 207/207/44 208/208/44
f 208/208/44 87/87/44 131/131/44
f 136/136/3 209/209/3 210/210/3
f 210/210/3 69/69/3 136/136/3
f 139/139/3 211/211/3 212/212/3
f 212/212/3 171/171/3 139/139/3
f 143/143/45 213/213/45 214/214/45
f 214/214/45 184/184/45 143/143/45
f 215/215/7 216/216/7 217/217/7
f 217/217/7 218/218/7 215/215/7
f 219/219/3 220/220/3 221/221/3
f 221/221/3 138/138/3 219/219/3
f 69/69/3 210/210/3 222/222/3
f 222/222/3 70/70/3 69/69/3
f 156/156/46 203/203/46 223/223/46
f 223/223/46 91/91/46 156/156/46
f 224/224/3 225/225/3 226/226/3
f 226/226/3 227/227/3 224/224/3
f 228/228/7 229/229/7 230/230/7
f 230/230/7 133/133/7 228/228/7
f 161/161/47 206/206/47 231/231/47
f 231/231/47 73/73/47 161/161/47
f 87/87/46 208/208/46 232/232/46
f 232/232/46 88/88/46 87/87/46
f 184/184/7 214/214/7 216/216/7
f 216/216/7 215/215/7 184/184/7
f 200/200/3 199/199/3 220/220/3
f 220/220/3 219/219/3 200/200/3
f 70/70/3 222/222/3 233/233/3
f 233/233/3 162/162/3 70/70/3
f 91/91/7 223/223/7 234/234/7
f 234/234/7 92/92/7 91/91/7
f 171/171/3 212/212/3 225/225/3
f 225/225/3 224/224/3 171/171/3
f 196/196/7 195/195/7 229/229/7
f 229/229/7 228/228/7 196/196/7
f 73/73/47 231/231/47 235/235/47
f 235/235/47 74/74/47 73/73/47
f 88/88/46 232/232/46 236/236/46
f 236/236/46 157/157/46 88/88/46
f 157/157/48 236/236/48 194/194/48
f 194/194/48 193/193/48 157/157/48
f 227/227/15 226/226/15 205/205/15
f 205/205/15 204/204/15 227/227/15
f 133/133/6 230/230/6 207/207/6
f 207/207/6 131/131/6 133/133/6
f 74/74/49 235/235/49 211/211/49
f 211/211/49 139/139/49 74/74/49
f 162/162/25 233/233/25 198/198/25
f 198/198/25 197/197/25 162/162/25
f 218/218/48 217/217/48 202/202/48
f 202/202/48 201/201/48 218/218/48
f 138/138/49 221/221/49 209/209/49
f 209/209/49 136/136/49 138/138/49
f 92/92/6 234/234/6 213/213/6
f 213/213/6 143/143/6 92/92/6
f 237/237/7 238/238/7 239/239/7
f 239/239/7 240/240/7 237/237/7
f 241/241/4 242/242/4 243/243/4
f 243/243/4 244/244/4 241/241/4
f 245/245/50 246/246/50 247/247/50
f 247/247/50 248/248/50 245/245/50
f 249/249/25 250/250/25 251/251/25
f 251/251/25 252/252/25 249/249/25
f 253/253/7 254/254/7 255/255/7
f 255/255/7 256/256/7 253/253/7
f 257/257/3 258/258/3 259/259/3
f 259/259/3 260/260/3 257/257/3
f 260/260/3 259/259/3 250/250/3
f 250/250/3 249/249/3 260/260/3
f 261/261/3 262/262/3 263/263/3
f 263/263/3 264/264/3 261/261/3
f 265/265/51 266/266/51 267/267/51
f 267/267/51 268/268/51 265/265/51
f 268/268/52 267/267/52 246/246/52
f 246/246/52 245/245/52 268/268/52
f 269/269/7 270/270/7 271/271/7
f 271/271/7 272/272/7 269/269/7
f 273/273/11 274/274/11 275/275/11
f 275/275/11 276/276/11 273/273/11
f 276/276/12 275/275/12 242/242/12
f 242/242/12 241/241/12 276/276/12
f 277/277/50 278/278/50 279/279/50
f 279/279/50 280/280/50 277/277/50
f 256/256/7 255/255/7 281/281/7
f 281/281/7 282/282/7 256/256/7
f 282/282/7 281/281/7 238/238/7
f 238/238/7 237/237/7 282/282/7
f 283/283/7 284/284/7 285/285/7
f 285/285/7 286/286/7 283/283/7
f 287/287/7 283/283/7 286/286/7
f 286/286/7 288/288/7 287/287/7
f 289/289/7 287/287/7 288/288/7
f 288/288/7 290/290/7 289/289/7
f 272/272/7 271/271/7 284/284/7
f 284/284/7 283/283/7 272/272/7
f 291/291/7 272/272/7 283/283/7
f 283/283/7 287/287/7 291/291/7
f 292/292/7 291/291/7 287/287/7
f 287/287/7 289/289/7 292/292/7
f 293/293/13 294/294/13 295/295/13
f 295/295/13 296/296/13 293/293/13
f 297/297/7 298/298/7 299/299/7
f 299/299/7 300/300/7 297/297/7
f 301/301/7 297/297/7 300/300/7
f 300/300/7 302/302/7 301/301/7
f 303/303/25 304/304/25 305/305/25
f 305/305/25 306/306/25 303/303/25
f 307/307/3 303/303/3 306/306/3
f 306/306/3 308/308/3 307/307/3
f 309/309/3 307/307/3 308/308/3
f 308/308/3 310/310/3 309/309/3
f 264/264/37 263/263/37 304/304/37
f 304/304/37 303/303/37 264/264/37
f 311/311/3 264/264/3 303/303/3
f 303/303/3 307/307/3 311/311/3
f 312/312/3 311/311/3 307/307/3
f 307/307/3 309/309/3 312/312/3
f 294/294/14 313/313/14 314/314/14
f 314/314/14 295/295/14 294/294/14
f 315/315/3 316/316/3 317/317/3
f 317/317/3 318/318/3 315/315/3
f 319/319/3 315/315/3 318/318/3
f 318/318/3 320/320/3 319/319/3
f 306/306/25 305/305/25 321/321/25
f 321/321/25 322/322/25 306/306/25
f 308/308/3 306/306/3 322/322/3
f 322/322/3 323/323/3 308/308/3
f 310/310/3 308/308/3 323/323/3
f 323/323/3 324/324/3 310/310/3
f 286/286/7 285/285/7 325/325/7
f 325/325/7 326/326/7 286/286/7
f 288/288/7 286/286/7 326/326/7
f 326/326/7 327/327/7 288/288/7
f 290/290/7 288/288/7 327/327/7
f 327/327/7 328/328/7 290/290/7
f 329/329/16 330/330/16 331/331/16
f 331/331/16 332/332/16 329/329/16
f 332/332/17 331/331/17 333/333/17
f 333/333/17 334/334/17 332/332/17
f 335/335/53 336/336/53 337/337/53
f 337/337/53 338/338/53 335/335/53
f 336/336/18 339/339/18 340/340/18
f 340/340/18 337/337/18 336/336/18
f 339/339/18 341/341/18 342/342/18
f 342/342/18 340/340/18 339/339/18
f 341/341/5 343/343/5 344/344/5
f 344/344/5 342/342/5 341/341/5
f 345/345/54 346/346/54 274/274/54
f 274/274/54 273/273/54 345/345/54
f 347/347/55 348/348/55 266/266/55
f 266/266/55 265/265/55 347/347/55
f 349/349/35 350/350/35 314/314/35
f 314/314/35 313/313/35 349/349/35
f 349/349/56 351/351/56 352/352/56
f 352/352/56 350/350/56 349/349/56
f 353/353/3 354/354/3 258/258/3
f 258/258/3 257/257/3 353/353/3
f 343/343/5 355/355/5 356/356/5
f 356/356/5 344/344/5 343/343/5
f 355/355/23 357/357/23 358/358/23
f 358/358/23 356/356/23 355/355/23
f 359/359/3 262/262/3 360/360/3
f 360/360/3 361/361/3 359/359/3
f 357/357/23 362/362/23 363/363/23
f 363/363/23 358/358/23 357/357/23
f 362/362/53 335/335/53 338/338/53
f 338/338/53 363/363/53 362/362/53
f 364/364/41 270/270/41 365/365/41
f 365/365/41 366/366/41 364/364/41
f 367/367/6 254/254/6 368/368/6
f 368/368/6 302/302/6 367/367/6
f 346/346/57 345/345/57 369/369/57
f 369/369/57 370/370/57 346/346/57
f 348/348/27 347/347/27 280/280/27
f 280/280/27 279/279/27 348/348/27
f 371/371/3 354/354/3 372/372/3
f 372/372/3 320/320/3 371/371/3
f 373/373/4 374/374/4 370/370/4
f 370/370/4 369/369/4 373/373/4
f 341/341/3 339/339/3 311/311/3
f 311/311/3 312/312/3 341/341/3
f 339/339/3 336/336/3 264/264/3
f 264/264/3 311/311/3 339/339/3
f 337/337/7 340/340/7 291/291/7
f 291/291/7 292/292/7 337/337/7
f 340/340/7 342/342/7 272/272/7
f 272/272/7 291/291/7 340/340/7
f 355/355/28 343/343/28 371/371/28
f 371/371/28 320/320/28 355/355/28
f 357/357/3 355/355/3 320/320/3
f 320/320/3 318/318/3 357/357/3
f 335/335/3 362/362/3 317/317/3
f 317/317/3 261/261/3 335/335/3
f 362/362/3 357/357/3 318/318/3
f 318/318/3 317/317/3 362/362/3
f 363/363/58 338/338/58 367/367/58
f 367/367/58 302/302/58 363/363/58
f 358/358/7 363/363/7 302/302/7
f 302/302/7 300/300/7 358/358/7
f 344/344/7 356/356/7 299/299/7
f 299/299/7 269/269/7 344/344/7
f 356/356/7 358/358/7 300/300/7
f 300/300/7 299/299/7 356/356/7
f 342/342/59 344/344/59 269/269/59
f 269/269/59 272/272/59 342/342/59
f 343/343/60 341/341/60 312/312/60
f 312/312/60 371/371/60 343/343/60
f 338/338/7 337/337/7 292/292/7
f 292/292/7 367/367/7 338/338/7
f 336/336/28 335/335/28 261/261/28
f 261/261/28 264/264/28 336/336/28
f 375/375/4 376/376/4 374/374/4
f 374/374/4 373/373/4 375/375/4
f 351/351/30 377/377/30 378/378/30
f 378/378/30 352/352/30 351/351/30
f 379/379/42 380/380/42 381/381/42
f 381/381/42 382/382/42 379/379/42
f 383/383/3 384/384/3 315/315/3
f 315/315/3 319/319/3 383/383/3
f 384/384/3 385/385/3 316/316/3
f 316/316/3 315/315/3 384/384/3
f 380/380/61 386/386/61 387/387/61
f 387/387/61 381/381/61 380/380/61
f 388/388/7 389/389/7 297/297/7
f 297/297/7 301/301/7 388/388/7
f 389/389/7 390/390/7 298/298/7
f 298/298/7 297/297/7 389/389/7
f 386/386/33 293/293/33 296/296/33
f 296/296/33 387/387/33 386/386/33
f 391/391/50 392/392/50 278/278/50
f 278/278/50 277/277/50 391/391/50
f 393/393/62 394/394/62 395/395/62
f 395/395/62 396/396/62 393/393/62
f 394/394/21 397/397/21 398/398/21
f 398/398/21 395/395/21 394/394/21
f 254/254/7 253/253/7 399/399/7
f 399/399/7 368/368/7 254/254/7
f 262/262/25 261/261/25 317/317/25
f 317/317/25 360/360/25 262/262/25
f 397/397/14 400/400/14 401/401/14
f 401/401/14 398/398/14 397/397/14
f 305/305/3 402/402/3 403/403/3
f 403/403/3 321/321/3 305/305/3
f 400/400/63 404/404/63 405/405/63
f 405/405/63 401/401/63 400/400/63
f 263/263/3 406/406/3 407/407/3
f 407/407/3 304/304/3 263/263/3
f 304/304/3 407/407/3 402/402/3
f 402/402/3 305/305/3 304/304/3
f 281/281/6 289/289/6 290/290/6
f 290/290/6 238/238/6 281/281/6
f 255/255/6 292/292/6 289/289/6
f 289/289/6 281/281/6 255/255/6
f 262/262/3 359/359/3 406/406/3
f 406/406/3 263/263/3 262/262/3
f 254/254/8 367/367/8 292/292/8
f 292/292/8 255/255/8 254/254/8
f 238/238/8 290/290/8 328/328/8
f 328/328/8 239/239/8 238/238/8
f 404/404/64 408/408/64 409/409/64
f 409/409/64 405/405/64 404/404/64
f 408/408/40 410/410/40 411/411/40
f 411/411/40 409/409/40 408/408/40
f 354/354/43 353/353/43 412/412/43
f 412/412/43 372/372/43 354/354/43
f 270/270/7 269/269/7 299/299/7
f 299/299/7 365/365/7 270/270/7
f 354/354/3 371/371/3 312/312/3
f 312/312/3 258/258/3 354/354/3
f 410/410/65 413/413/65 414/414/65
f 414/414/65 411/411/65 410/410/65
f 285/285/6 415/415/6 416/416/6
f 416/416/6 325/325/6 285/285/6
f 417/417/66 393/393/66 396/396/66
f 396/396/66 418/418/66 417/417/66
f 271/271/7 419/419/7 420/420/7
f 420/420/7 284/284/7 271/271/7
f 284/284/7 420/420/7 415/415/7
f 415/415/7 285/285/7 284/284/7
f 270/270/7 364/364/7 419/419/7
f 419/419/7 271/271/7 270/270/7
f 259/259/3 309/309/3 310/310/3
f 310/310/3 250/250/3 259/259/3
f 258/258/3 312/312/3 309/309/3
f 309/309/3 259/259/3 258/258/3
f 250/250/3 310/310/3 324/324/3
f 324/324/3 251/251/3 250/250/3
f 421/421/25 422/422/25 423/423/25
f 423/423/25 424/424/25 421/421/25
f 425/425/41 426/426/41 427/427/41
f 427/427/41 428/428/41 425/425/41
f 429/429/3 430/430/3 431/431/3
f 431/431/3 383/383/3 429/429/3
f 432/432/67 433/433/67 434/434/67
f 434/434/67 388/388/67 432/432/67
f 435/435/49 436/436/49 360/360/49
f 360/360/49 317/317/49 435/435/49
f 437/437/7 438/438/7 365/365/7
f 365/365/7 299/299/7 437/437/7
f 439/439/68 440/440/68 368/368/68
f 368/368/68 399/399/68 439/439/68
f 441/441/69 442/442/69 372/372/69
f 372/372/69 412/412/69 441/441/69
f 443/443/47 444/444/47 445/445/47
f 445/445/47 446/446/47 443/443/47
f 447/447/8 448/448/8 449/449/8
f 449/449/8 366/366/8 447/447/8
f 450/450/7 437/437/7 299/299/7
f 299/299/7 298/298/7 450/450/7
f 451/451/70 429/429/70 383/383/70
f 383/383/70 319/319/70 451/451/70
f 452/452/8 453/453/8 454/454/8
f 454/454/8 455/455/8 452/452/8
f 456/456/3 457/457/3 458/458/3
f 458/458/3 361/361/3 456/456/3
f 459/459/7 432/432/7 388/388/7
f 388/388/7 301/301/7 459/459/7
f 460/460/3 435/435/3 317/317/3
f 317/317/3 316/316/3 460/460/3
f 444/444/47 441/441/47 412/412/47
f 412/412/47 445/445/47 444/444/47
f 448/448/46 425/425/46 428/428/46
f 428/428/46 449/449/46 448/448/46
f 461/461/59 450/450/59 298/298/59
f 298/298/59 390/390/59 461/461/59
f 462/462/38 451/451/38 319/319/38
f 319/319/38 320/320/38 462/462/38
f 453/453/46 439/439/46 399/399/46
f 399/399/46 454/454/46 453/453/46
f 457/457/70 421/421/70 424/424/70
f 424/424/70 458/458/70 457/457/70
f 463/463/7 459/459/7 301/301/7
f 301/301/7 302/302/7 463/463/7
f 464/464/47 460/460/47 316/316/47
f 316/316/47 385/385/47 464/464/47
f 422/422/24 464/464/24 385/385/24
f 385/385/24 423/423/24 422/422/24
f 433/433/68 452/452/68 455/455/68
f 455/455/68 434/434/68 433/433/68
f 436/436/25 456/456/25 361/361/25
f 361/361/25 360/360/25 436/436/25
f 440/440/71 463/463/71 302/302/71
f 302/302/71 368/368/71 440/440/71
f 426/426/68 461/461/68 390/390/68
f 390/390/68 427/427/68 426/426/68
f 430/430/24 443/443/24 446/446/24
f 446/446/24 431/431/24 430/430/24
f 438/438/44 447/447/44 366/366/44
f 366/366/44 365/365/44 438/438/44
f 442/442/3 462/462/3 320/320/3
f 320/320/3 372/372/3 442/442/3
f 465/465/72 466/466/72 467/467/73
f 467/467/73 468/468/73 465/465/72
f 469/469/74 470/470/74 471/471/75
f 471/471/75 472/472/76 469/469/74
f 473/473/77 474/474/78 466/466/72
f 466/466/72 465/465/72 473/473/77
f 468/468/73 467/467/73 470/470/74
f 470/470/74 469/469/74 468/468/73
f 475/475/76 476/476/75 477/477/79
f 477/477/79 478/478/79 475/475/76
f 478/478/79 477/477/79 474/474/78
f 474/474/78 473/473/77 478/478/79
f 479/479/3 480/480/3 481/481/3
f 481/481/3 482/482/3 479/479/3
f 483/483/7 484/484/7 485/485/7
f 485/485/7 486/486/7 483/483/7
f 487/487/5 488/488/5 489/489/5
f 489/489/5 490/490/5 487/487/5
f 491/491/4 492/492/4 493/493/4
f 493/493/4 494/494/4 491/491/4
f 495/495/23 488/488/23 487/487/23
f 487/487/23 496/496/23 495/495/23
f 493/493/18 490/490/18 489/489/18
f 489/489/18 494/494/18 493/493/18
f 497/497/80 498/498/80 499/499/80
f 499/499/80 500/500/80 497/497/80
f 501/501/6 502/502/6 503/503/6
f 503/503/6 504/504/6 501/501/6
f 505/505/18 506/506/18 507/507/18
f 507/507/18 508/508/18 505/505/18
f 505/505/5 509/509/5 510/510/5
f 510/510/5 506/506/5 505/505/5
f 500/500/80 499/499/80 511/511/3
f 511/511/3 512/512/3 500/500/80
f 513/513/5 514/514/5 515/515/5
f 515/515/5 516/516/5 513/513/5
f 517/517/23 514/514/23 513/513/23
f 513/513/23 518/518/23 517/517/23
f 519/519/18 516/516/18 515/515/18
f 515/515/18 520/520/18 519/519/18
f 521/521/4 522/522/4 519/519/4
f 519/519/4 520/520/4 521/521/4
f 523/523/47 524/524/47 498/498/80
f 498/498/80 497/497/80 523/523/47
f 512/512/3 511/511/3 524/524/47
f 524/524/47 523/523/47 512/512/3
f 525/525/81 526/526/81 527/527/81
f 527/527/81 528/528/81 525/525/81
f 529/529/25 530/530/25 531/531/25
f 531/531/25 532/532/25 529/529/25
f 533/533/68 525/525/81 528/528/68
f 528/528/68 534/534/68 533/533/68
f 535/535/5 536/536/5 537/537/5
f 537/537/5 538/538/5 535/535/5
f 537/537/82 536/536/82 539/539/82
f 539/539/82 540/540/82 537/537/82
f 535/535/18 538/538/18 541/541/18
f 541/541/18 542/542/18 535/535/18
f 541/541/53 543/543/53 544/544/53
f 544/544/53 542/542/53 541/541/53
f 526/526/83 545/545/83 546/546/83
f 546/546/83 527/527/83 526/526/83
f 545/545/83 533/533/68 534/534/68
f 534/534/68 546/546/83 545/545/83
f 547/547/3 548/548/3 549/549/3
f 549/549/3 550/550/3 547/547/3
f 551/551/50 547/547/50 550/550/50
f 550/550/50 552/552/50 551/551/50
f 553/553/8 551/551/8 552/552/8
f 552/552/8 554/554/8 553/553/8
f 555/555/84 556/556/84 557/557/84
f 557/557/84 558/558/84 555/555/84
f 559/559/53 553/553/53 554/554/53
f 554/554/53 560/560/53 559/559/53
f 561/561/3 562/562/3 563/563/3
f 563/563/3 564/564/3 561/561/3
f 565/565/5 561/561/5 564/564/5
f 564/564/5 566/566/5 565/565/5
f 567/567/18 568/568/18 569/569/18
f 569/569/18 570/570/18 567/567/18
f 571/571/7 565/565/7 566/566/7
f 566/566/7 572/572/7 571/571/7
f 573/573/4 571/571/4 572/572/4
f 572/572/4 574/574/4 573/573/4
f 575/575/3 576/576/3 577/577/3
f 577/577/3 578/578/3 575/575/3
f 579/579/18 575/575/18 578/578/18
f 578/578/18 580/580/18 579/579/18
f 581/581/7 579/579/7 580/580/7
f 580/580/7 582/582/7 581/581/7
f 583/583/5 584/584/5 585/585/5
f 585/585/5 586/586/5 583/583/5
f 587/587/85 588/588/85 589/589/85
f 589/589/85 590/590/85 587/587/85
f 591/591/23 581/581/23 582/582/23
f 582/582/23 592/592/23 591/591/23
f 593/593/3 594/594/3 595/595/3
f 595/595/3 596/596/3 593/593/3
f 597/597/18 593/593/18 596/596/18
f 596/596/18 598/598/18 597/597/18
f 599/599/7 597/597/7 598/598/7
f 598/598/7 600/600/7 599/599/7
f 601/601/5 602/602/5 603/603/5
f 603/603/5 604/604/5 601/601/5
f 605/605/86 606/606/86 607/607/86
f 607/607/86 608/608/86 605/605/86
f 609/609/23 599/599/23 600/600/23
f 600/600/23 610/610/23 609/609/23
f 611/611/3 612/612/3 613/613/3
f 613/613/3 614/614/3 611/611/3
f 615/615/18 611/611/18 614/614/18
f 614/614/18 616/616/18 615/615/18
f 617/617/7 615/615/7 616/616/7
f 616/616/7 618/618/7 617/617/7
f 619/619/5 620/620/5 621/621/5
f 621/621/5 622/622/5 619/619/5
f 623/623/85 624/624/85 625/625/85
f 625/625/85 626/626/85 623/623/85
f 627/627/23 617/617/23 618/618/23
f 618/618/23 628/628/23 627/627/23
f 629/629/8 630/630/8 631/631/8
f 631/631/8 632/632/8 629/629/8
f 632/632/5 631/631/5 633/633/5
f 633/633/5 634/634/5 632/632/5
f 634/634/38 633/633/38 635/635/38
f 635/635/38 636/636/38 634/634/38
f 637/637/18 638/638/18 639/639/18
f 639/639/18 640/640/18 637/637/18
f 641/641/4 642/642/4 630/630/4
f 630/630/4 629/629/4 641/641/4
f 643/643/7 644/644/7 645/645/7
f 645/645/7 646/646/7 643/643/7
f 646/646/50 645/645/50 647/647/50
f 647/647/50 648/648/50 646/646/50
f 649/649/18 650/650/18 651/651/18
f 651/651/18 652/652/18 649/649/18
f 648/648/3 647/647/3 653/653/3
f 653/653/3 654/654/3 648/648/3
f 655/655/53 656/656/53 644/644/53
f 644/644/53 643/643/53 655/655/53
f 657/657/7 658/658/7 659/659/7
f 659/659/7 660/660/7 657/657/7
f 661/661/18 662/662/18 663/663/18
f 663/663/18 664/664/18 661/661/18
f 664/664/3 663/663/3 665/665/3
f 665/665/3 666/666/3 664/664/3
f 667/667/5 668/668/5 669/669/5
f 669/669/5 670/670/5 667/667/5
f 671/671/85 672/672/85 673/673/85
f 673/673/85 674/674/85 671/671/85
f 666/666/23 665/665/23 658/658/23
f 658/658/23 657/657/23 666/666/23
f 675/675/7 676/676/7 677/677/7
f 677/677/7 678/678/7 675/675/7
f 678/678/18 677/677/18 679/679/18
f 679/679/18 680/680/18 678/678/18
f 680/680/3 679/679/3 681/681/3
f 681/681/3 682/682/3 680/680/3
f 683/683/5 684/684/5 685/685/5
f 685/685/5 686/686/5 683/683/5
f 687/687/86 688/688/86 689/689/86
f 689/689/86 690/690/86 687/687/86
f 691/691/23 692/692/23 676/676/23
f 676/676/23 675/675/23 691/691/23
f 693/693/7 694/694/7 695/695/7
f 695/695/7 696/696/7 693/693/7
f 696/696/18 695/695/18 697/697/18
f 697/697/18 698/698/18 696/696/18
f 698/698/3 697/697/3 699/699/3
f 699/699/3 700/700/3 698/698/3
f 701/701/5 702/702/5 703/703/5
f 703/703/5 704/704/5 701/701/5
f 705/705/87 706/706/87 707/707/87
f 707/707/87 708/708/87 705/705/87
f 700/700/23 699/699/23 709/709/23
f 709/709/23 710/710/23 700/700/23
f 711/711/88 712/712/89 713/713/89
f 713/713/89 714/714/90 711/711/88
f 715/715/91 716/716/92 717/717/93
f 717/717/93 718/718/91 715/715/91
f 719/719/94 715/715/91 718/718/91
f 718/718/91 720/720/95 719/719/94
f 712/712/89 721/721/96 722/722/97
f 722/722/97 713/713/89 712/712/89
f 716/716/92 723/723/88 724/724/90
f 724/724/90 717/717/93 716/716/92
f 721/721/96 719/719/94 720/720/95
f 720/720/95 722/722/97 721/721/96
f 725/725/98 726/726/99 727/727/100
f 727/727/100 728/728/101 725/725/98
f 729/729/102 730/730/103 731/731/104
f 731/731/104 732/732/104 729/729/102
f 732/732/104 731/731/104 733/733/105
f 733/733/105 734/734/106 732/732/104
f 735/735/107 736/736/108 726/726/99
f 726/726/99 725/725/98 735/735/107
f 728/728/101 727/727/100 730/730/103
f 730/730/103 729/729/102 728/728/101
f 734/734/106 733/733/105 737/737/108
f 737/737/108 738/738/107 734/734/106
f 739/739/109 740/740/109 741/741/110
f 741/741/110 742/742/111 739/739/109
f 743/743/112 744/744/113 745/745/114
f 745/745/114 746/746/114 743/743/112
f 746/746/114 745/745/114 747/747/115
f 747/747/115 748/748/116 746/746/114
f 749/749/117 750/750/118 740/740/109
f 740/740/109 739/739/109 749/749/117
f 742/742/111 741/741/110 751/751/113
f 751/751/113 752/752/112 742/742/111
f 748/748/116 747/747/115 750/750/118
f 750/750/118 749/749/117 748/748/116
f 753/753/119 754/754/120 755/755/121
f 755/755/121 756/756/122 753/753/119
f 757/757/123 758/758/124 759/759/125
f 759/759/125 760/760/126 757/757/123
f 761/761/127 757/757/123 760/760/126
f 760/760/126 762/762/128 761/761/127
f 754/754/120 763/763/129 764/764/130
f 764/764/130 755/755/121 754/754/120
f 758/758/124 753/753/119 756/756/122
f 756/756/122 759/759/125 758/758/124
f 763/763/129 765/765/127 766/766/128
f 766/766/128 764/764/130 763/763/129
f 767/767/18 768/768/18 769/769/18
f 769/769/18 770/770/18 767/767/18
f 771/771/4 770/770/4 769/769/4
f 769/769/4 772/772/4 771/771/4
f 773/773/5 774/774/5 768/768/5
f 768/768/5 767/767/5 773/773/5
f 775/775/7 776/776/7 777/777/7
f 777/777/7 778/778/7 775/775/7
f 779/779/3 780/780/3 781/781/3
f 781/781/3 782/782/3 779/779/3
f 783/783/23 774/774/23 773/773/23
f 773/773/23 784/784/23 783/783/23
f 785/785/18 786/786/18 787/787/18
f 787/787/18 788/788/18 785/785/18
f 789/789/131 790/790/131 791/791/131
f 791/791/131 792/792/131 789/789/131
f 793/793/132 794/794/132 786/786/132
f 786/786/132 785/785/132 793/793/132
f 795/795/23 796/796/23 797/797/23
f 797/797/23 798/798/23 795/795/23
f 799/799/133 800/800/133 801/801/133
f 801/801/133 802/802/133 799/799/133
f 803/803/18 804/804/18 805/805/18
f 805/805/18 806/806/18 803/803/18
f 795/795/134 807/807/134 808/808/134
f 808/808/134 809/809/134 795/795/134
f 797/797/135 796/796/135 804/804/135
f 804/804/135 803/803/135 797/797/135
f 810/810/23 811/811/23 812/812/23
f 812/812/23 813/813/23 810/810/23
f 814/814/136 815/815/136 816/816/136
f 816/816/136 817/817/136 814/814/136
f 818/818/18 819/819/18 820/820/18
f 820/820/18 821/821/18 818/818/18
f 810/810/137 822/822/137 823/823/137
f 823/823/137 824/824/137 810/810/137
f 812/812/138 811/811/138 819/819/138
f 819/819/138 818/818/138 812/812/138
f 825/825/23 826/826/23 827/827/23
f 827/827/23 828/828/23 825/825/23
f 829/829/139 830/830/139 831/831/139
f 831/831/139 832/832/139 829/829/139
f 833/833/18 834/834/18 835/835/18
f 835/835/18 836/836/18 833/833/18
f 837/837/140 835/835/140 838/838/140
f 838/838/140 839/839/140 837/837/140
f 827/827/141 826/826/141 834/834/141
f 834/834/141 833/833/141 827/827/141
f 840/840/23 841/841/23 842/842/23
f 842/842/23 843/843/23 840/840/23
f 844/844/142 845/845/142 846/846/142
f 846/846/142 847/847/142 844/844/142
f 848/848/18 849/849/18 850/850/18
f 850/850/18 851/851/18 848/848/18
f 840/840/143 852/852/143 853/853/143
f 853/853/143 854/854/143 840/840/143
f 842/842/144 841/841/144 849/849/144
f 849/849/144 848/848/144 842/842/144
f 826/826/145 855/855/145 856/856/145
f 856/856/145 834/834/145 826/826/145
f 857/857/6 858/858/6 859/859/6
f 859/859/6 860/860/6 857/857/6
f 861/861/146 862/862/146 863/863/146
f 863/863/146 864/864/146 861/861/146
f 865/865/147 866/866/147 867/867/147
f 867/867/147 868/868/147 865/865/147
f 869/869/148 870/870/148 871/871/148
f 871/871/148 872/872/148 869/869/148
f 873/873/149 874/874/149 875/875/149
f 875/875/149 876/876/149 873/873/149
f 877/877/23 855/855/23 826/826/23
f 826/826/23 825/825/23 877/877/23
f 834/834/18 856/856/18 838/838/18
f 838/838/18 835/835/18 834/834/18
f 878/878/150 836/836/150 835/835/150
f 835/835/150 837/837/150 878/878/150
f 879/879/25 880/880/25 881/881/25
f 881/881/25 882/882/25 879/879/25
f 789/789/23 794/794/23 793/793/23
f 793/793/23 883/883/23 789/789/23
f 811/811/151 884/884/151 885/885/151
f 885/885/151 819/819/151 811/811/151
f 813/813/152 886/886/152 822/822/152
f 822/822/152 810/810/152 813/813/152
f 819/819/18 885/885/18 887/887/18
f 887/887/18 820/820/18 819/819/18
f 824/824/23 884/884/23 811/811/23
f 811/811/23 810/810/23 824/824/23
f 796/796/153 888/888/153 889/889/153
f 889/889/153 804/804/153 796/796/153
f 798/798/154 890/890/154 807/807/154
f 807/807/154 795/795/154 798/798/154
f 804/804/18 889/889/18 891/891/18
f 891/891/18 805/805/18 804/804/18
f 809/809/23 888/888/23 796/796/23
f 796/796/23 795/795/23 809/809/23
f 792/792/23 892/892/23 794/794/23
f 794/794/23 789/789/23 792/792/23
f 794/794/155 892/892/155 893/893/155
f 893/893/155 786/786/155 794/794/155
f 883/883/156 894/894/156 790/790/156
f 790/790/156 789/789/156 883/883/156
f 786/786/18 893/893/18 895/895/18
f 895/895/18 787/787/18 786/786/18
f 896/896/157 897/897/157 898/898/157
f 898/898/157 899/899/157 896/896/157
f 900/900/18 901/901/18 902/902/18
f 902/902/18 903/903/18 900/900/18
f 904/904/158 905/905/158 906/906/158
f 906/906/158 907/907/158 904/904/158
f 908/908/6 909/909/6 910/910/6
f 910/910/6 911/911/6 908/908/6
f 912/912/3 913/913/3 914/914/3
f 914/914/3 915/915/3 912/912/3
f 916/916/23 897/897/23 896/896/23
f 896/896/23 917/917/23 916/916/23
f 918/918/159 903/903/159 902/902/159
f 902/902/159 919/919/159 918/918/159
f 899/899/18 898/898/18 906/906/18
f 906/906/18 905/905/18 899/899/18
f 920/920/160 921/921/160 901/901/160
f 901/901/160 900/900/160 920/920/160
f 900/900/161 898/898/161 897/897/161
f 897/897/161 920/920/161 900/900/161
f 906/906/162 903/903/162 918/918/162
f 918/918/162 907/907/162 906/906/162
f 903/903/18 906/906/18 898/898/18
f 898/898/18 900/900/18 903/903/18
f 920/920/23 897/897/23 916/916/23
f 916/916/23 922/922/23 920/920/23
f 923/923/23 921/921/23 920/920/23
f 920/920/23 922/922/23 923/923/23
f 841/841/163 924/924/163 925/925/163
f 925/925/163 849/849/163 841/841/163
f 843/843/164 926/926/164 852/852/164
f 852/852/164 840/840/164 843/843/164
f 849/849/18 925/925/18 927/927/18
f 927/927/18 850/850/18 849/849/18
f 854/854/23 924/924/23 841/841/23
f 841/841/23 840/840/23 854/854/23
f 928/928/165 929/929/166 930/930/166
f 930/930/166 931/931/165 928/928/165
f 932/932/167 933/933/168 934/934/168
f 934/934/168 935/935/167 932/932/167
f 936/936/169 937/937/165 938/938/165
f 938/938/165 939/939/169 936/936/169
f 940/940/170 941/941/171 942/942/172
f 942/942/172 943/943/173 940/940/170
f 937/937/165 944/944/174 945/945/174
f 945/945/174 938/938/165 937/937/165
f 946/946/175 947/947/176 948/948/177
f 948/948/177 949/949/175 946/946/175
f 950/950/178 932/932/167 935/935/167
f 935/935/167 951/951/178 950/950/178
f 952/952/168 936/936/169 939/939/169
f 939/939/169 953/953/168 952/952/168
f 954/954/179 955/955/23 956/956/23
f 956/956/23 957/957/180 954/954/179
f 958/958/181 959/959/182 960/960/182
f 960/960/182 961/961/181 958/958/181
f 929/929/166 962/962/183 963/963/183
f 963/963/183 930/930/166 929/929/166
f 947/947/176 950/950/178 951/951/178
f 951/951/178 948/948/177 947/947/176
f 964/964/184 928/928/165 931/931/165
f 931/931/165 965/965/169 964/964/184
f 966/966/23 964/964/184 965/965/169
f 965/965/169 967/967/23 966/966/23
f 959/959/182 954/954/179 957/957/180
f 957/957/180 960/960/182 959/959/182
f 962/962/183 958/958/181 961/961/181
f 961/961/181 963/963/183 962/962/183
f 968/968/185 969/969/185 970/970/185
f 970/970/185 971/971/185 968/968/185
f 972/972/186 973/973/187 974/974/187
f 974/974/187 975/975/186 972/972/186
f 976/976/187 977/977/187 978/978/187
f 978/978/187 979/979/187 976/976/187
f 977/977/187 980/980/188 981/981/188
f 981/981/188 978/978/187 977/977/187
f 982/982/185 983/983/189 984/984/189
f 984/984/189 985/985/185 982/982/185
f 969/969/185 982/982/185 985/985/185
f 985/985/185 970/970/185 969/969/185
f 973/973/187 986/986/188 987/987/188
f 987/987/188 974/974/187 973/973/187
f 988/988/190 989/989/190 990/990/190
f 990/990/190 991/991/190 988/988/190
f 944/944/174 946/946/175 949/949/175
f 949/949/175 945/945/174 944/944/174
f 992/992/191 993/993/192 994/994/192
f 994/994/192 995/995/193 992/992/191
f 996/996/194 997/997/195 998/998/196
f 998/998/196 999/999/197 996/996/194
f 1000/1000/198 1001/1001/199 1002/1002/199
f 1002/1002/199 1003/1003/200 1000/1000/198
f 1001/1001/199 940/940/170 943/943/173
f 943/943/173 1002/1002/199 1001/1001/199
f 1004/1004/171 992/992/191 995/995/193
f 995/995/193 1005/1005/172 1004/1004/171
f 993/993/192 996/996/194 999/999/197
f 999/999/197 994/994/192 993/993/192
f 997/997/195 1000/1000/198 1003/1003/200
f 1003/1003/200 998/998/196 997/997/195
f 1006/1006/201 968/968/185 971/971/185
f 971/971/185 1007/1007/201 1006/1006/201
f 980/980/188 1008/1008/187 1009/1009/187
f 1009/1009/187 981/981/188 980/980/188
f 983/983/189 1010/1010/190 1011/1011/190
f 1011/1011/190 984/984/189 983/983/189
f 989/989/190 1006/1006/201 1007/1007/201
f 1007/1007/201 990/990/190 989/989/190
f 1008/1008/187 1012/1012/187 1013/1013/187
f 1013/1013/187 1009/1009/187 1008/1008/187
f 1012/1012/187 972/972/186 975/975/186
f 975/975/186 1013/1013/187 1012/1012/187
f 986/986/188 976/976/187 979/979/187
f 979/979/187 987/987/188 986/986/188
f 1010/1010/190 988/988/190 991/991/190
f 991/991/190 1011/1011/190 1010/1010/190
f 1014/1014/190 1015/1015/190 1016/1016/190
f 1014/1014/190 1016/1016/190 1017/1017/190
f 1014/1014/190 1017/1017/190 1018/1018/190
f 1014/1014/190 1018/1018/190 1019/1019/190
f 1014/1014/190 1019/1019/190 1020/1020/190
f 1020/1020/190 1021/1021/190 1014/1014/190
f 1022/1022/186 1023/1023/186 1024/1024/186
f 1022/1022/186 1024/1024/186 1025/1025/186
f 1022/1022/186 1025/1025/186 1026/1026/186
f 1022/1022/186 1026/1026/186 1027/1027/186
f 1022/1022/186 1027/1027/186 1028/1028/186
f 1028/1028/186 1029/1029/186 1022/1022/186
f 1030/1030/202 1031/1031/202 1032/1032/202
f 1030/1030/202 1032/1032/202 1033/1033/202
f 1030/1030/202 1033/1033/202 1034/1034/202
f 1030/1030/202 1034/1034/202 1035/1035/202
f 1030/1030/202 1035/1035/202 1036/1036/202
f 1036/1036/202 1037/1037/202 1030/1030/202
f 1038/1038/203 1039/1039/203 1040/1040/203
f 1038/1038/203 1040/1040/203 1041/1041/203
f 1038/1038/203 1041/1041/203 1042/1042/203
f 1038/1038/203 1042/1042/203 1043/1043/203
f 1038/1038/203 1043/1043/203 1044/1044/203
f 1044/1044/203 1045/1045/203 1038/1038/203
f 1046/1046/204 1047/1047/205 1048/1048/206
f 1048/1048/206 1049/1049/207 1046/1046/204
f 1050/1050/208 1051/1051/209 1052/1052/210
f 1052/1052/210 1053/1053/211 1050/1050/208
f 1054/1054/212 1055/1055/213 1056/1056/214
f 1056/1056/214 1057/1057/215 1054/1054/212
f 1058/1058/216 1059/1059/217 1060/1060/218
f 1060/1060/218 1061/1061/219 1058/1058/216
f 1062/1062/220 1063/1063/221 1047/1047/205
f 1047/1047/205 1046/1046/204 1062/1062/220
f 1064/1064/222 1065/1065/222 1066/1066/223
f 1066/1066/223 1067/1067/224 1064/1064/222
f 1068/1068/225 1069/1069/226 1051/1051/209
f 1051/1051/209 1050/1050/208 1068/1068/225
f 1053/1053/211 1052/1052/210 1055/1055/213
f 1055/1055/213 1054/1054/212 1053/1053/211
f 1070/1070/227 1071/1071/228 1072/1072/229
f 1072/1072/229 1073/1073/229 1070/1070/227
f 1049/1049/207 1048/1048/206 1069/1069/226
f 1069/1069/226 1068/1068/225 1049/1049/207
f 1074/1074/230 1075/1075/231 1076/1076/232
f 1076/1076/232 1077/1077/233 1074/1074/230
f 1057/1057/215 1056/1056/214 1078/1078/221
f 1078/1078/221 1079/1079/220 1057/1057/215
f 1067/1067/224 1066/1066/223 1080/1080/234
f 1080/1080/234 1081/1081/235 1067/1067/224
f 1061/1061/219 1060/1060/218 1065/1065/222
f 1065/1065/222 1064/1064/222 1061/1061/219
f 1077/1077/233 1076/1076/232 1059/1059/217
f 1059/1059/217 1058/1058/216 1077/1077/233
f 1082/1082/235 1083/1083/234 1084/1084/236
f 1084/1084/236 1085/1085/237 1082/1082/235
f 1086/1086/238 1087/1087/239 1088/1088/240
f 1088/1088/240 1089/1089/241 1086/1086/238
f 1090/1090/242 1091/1091/243 1092/1092/244
f 1092/1092/244 1093/1093/245 1090/1090/242
f 1094/1094/246 1095/1095/247 1096/1096/248
f 1096/1096/248 1097/1097/249 1094/1094/246
f 1089/1089/241 1088/1088/240 1098/1098/250
f 1098/1098/250 1099/1099/250 1089/1089/241
f 1100/1100/251 1101/1101/252 1095/1095/247
f 1095/1095/247 1094/1094/246 1100/1100/251
f 1102/1102/253 1103/1103/254 1104/1104/255
f 1104/1104/255 1105/1105/256 1102/1102/253
f 1106/1106/257 1107/1107/258 1103/1103/254
f 1103/1103/254 1102/1102/253 1106/1106/257
f 1108/1108/259 1109/1109/259 1091/1091/243
f 1091/1091/243 1090/1090/242 1108/1108/259
f 1085/1085/237 1084/1084/236 1075/1075/231
f 1075/1075/231 1074/1074/230 1085/1085/237
f 1110/1110/260 1111/1111/261 1112/1112/262
f 1112/1112/262 1113/1113/263 1110/1110/260
f 1114/1114/264 1115/1115/265 1116/1116/266
f 1116/1116/266 1117/1117/266 1114/1114/264
f 1117/1117/266 1116/1116/266 1118/1118/267
f 1118/1118/267 1119/1119/268 1117/1117/266
f 1120/1120/269 1121/1121/270 1071/1071/228
f 1071/1071/228 1070/1070/227 1120/1120/269
f 1073/1073/229 1072/1072/229 1111/1111/261
f 1111/1111/261 1110/1110/260 1073/1073/229
f 1113/1113/263 1112/1112/262 1115/1115/265
f 1115/1115/265 1114/1114/264 1113/1113/263
f 1119/1119/268 1118/1118/267 1122/1122/270
f 1122/1122/270 1123/1123/269 1119/1119/268
f 1124/1124/271 1125/1125/272 1126/1126/273
f 1126/1126/273 1127/1127/273 1124/1124/271
f 1128/1128/245 1129/1129/244 1125/1125/272
f 1125/1125/272 1124/1124/271 1128/1128/245
f 1105/1105/256 1104/1104/255 1109/1109/259
f 1109/1109/259 1108/1108/259 1105/1105/256
f 1130/1130/274 1131/1131/275 1132/1132/239
f 1132/1132/239 1133/1133/238 1130/1130/274
f 1134/1134/276 1135/1135/276 1131/1131/275
f 1131/1131/275 1130/1130/274 1134/1134/276
f 1127/1127/273 1126/1126/273 1107/1107/258
f 1107/1107/258 1106/1106/257 1127/1127/273
f 1099/1099/250 1098/1098/250 1101/1101/252
f 1101/1101/252 1100/1100/251 1099/1099/250
f 1097/1097/249 1096/1096/248 1135/1135/276
f 1135/1135/276 1134/1134/276 1097/1097/249
f 507/507/4 1136/1136/4 1137/1137/4
f 1137/1137/4 508/508/4 507/507/4
# Vertices: 1129, normals: 274, texture coordinates: 1129, faces: 1142

o obj4
v 112.00414252 287.97853145 161.54986305
v -9.13946414 287.97850093 161.54989357
v -9.13946319 287.9785007 166.91691322
v 112.00414252 287.97853122 166.91688271
v 112.00414252 283.45451423 158.88183307
v -9.13946605 283.45448372 158.88187885
v -9.13946176 283.45448325 169.58492755
v 112.00414252 283.45451377 169.58488177
v 112.00415015 182.87539718 169.60146368
v -9.13945413 185.3422241 169.60149431
v -9.13944983 206.61048958 158.86528918
v 112.00414252 206.61052009 158.86525867
v -9.13946319 287.69795261 166.7557041
v -9.13946414 287.69795283 161.71110266
v 112.00414252 287.69798335 161.71104163
v 112.00414252 287.69798313 166.75565833
v -9.13946605 283.3701026 159.19422625
v 112.00414252 283.3701026 159.19419574
v -9.13946176 283.37010216 169.27258014
v 112.00414252 283.37010216 169.27253436
v 112.00415015 182.87538218 169.27790106
v -9.13945413 185.34220909 169.27794694
v -9.13944983 206.61045905 159.18886706
v 112.00414252 206.61048956 159.18880603
v -9.13946176 283.37010216 169.27258014
v -9.13946176 283.45448325 169.58492755
v -9.13946319 287.9785007 166.91691322
v -9.13946319 287.69795261 166.7557041
v -9.13946414 287.97850093 161.54989357
v -9.13946414 287.69795283 161.71110266
v -9.13946605 283.45448372 158.88187885
v -9.13946605 283.3701026 159.19422625
v 112.00414252 287.69798313 166.75565833
v 112.00414252 287.97853122 166.91688271
v 112.00414252 283.45451377 169.58488177
v 112.00414252 283.37010216 169.27253436
v 112.00414252 287.69798335 161.71104163
v 112.00414252 287.97853145 161.54986305
v 112.00414252 283.3701026 159.19419574
v 112.00414252 283.45451423 158.88183307
v -9.13944983 206.61045905 159.18886706
v -9.13944983 206.61048958 158.86528918
v 112.00414252 206.61052009 158.86525867
v 112.00414252 206.61048956 159.18880603
v 112.00415015 182.87538218 169.27790106
v 112.00415015 182.87539718 169.60146368
v -9.13945413 185.3422241 169.60149431
v -9.13945413 185.34220909 169.27794694
v 112.00415015 182.87539718 169.60146368
v 112.00415015 182.87538218 169.27790106
v -9.13945413 185.34220909 169.27794694
v -9.13945413 185.3422241 169.60149431
v -9.13944983 206.61048958 158.86528918
v -9.13944983 206.61045905 159.18886706
v 112.00414252 206.61048956 159.18880603
v 112.00414252 206.61052009 158.86525867
v -36.10875726 287.74031123 161.6867649
v -131.82136559 287.74028071 161.68678016
v -131.82136559 287.74028049 166.78007239
v -36.10875344 287.74031101 166.78005713
v -36.10875726 283.38282843 159.1470766
v -131.82136559 283.38282843 159.14710711
v -131.82136559 283.38282799 169.31979083
v -36.10875344 283.38282799 169.31976031
v -36.10874581 219.05696129 169.32680706
v -131.82135034 224.47917961 169.32683782
v -131.82133508 204.1317298 159.14003883
v -36.10874963 198.70950385 159.13999282
v -131.82136559 287.69792209 166.75574988
v -131.82136559 287.69792231 161.71114844
v -36.10875726 287.69795283 161.71111792
v -36.10875344 287.69795261 166.75571936
v -131.82136559 283.37007208 159.19427203
v -36.10875726 283.3701026 159.19422625
v -131.82136559 283.37007164 169.27259539
v -36.10875344 283.37010216 169.27258014
v -36.10874581 219.05696129 169.27794842
v -131.82135034 224.47917961 169.27797917
v -131.82133508 204.1317298 159.18891273
v -36.10874963 198.70950384 159.18886672
v -131.82136559 283.37007164 169.27259539
v -131.82136559 283.38282799 169.31979083
v -131.82136559 287.74028049 166.78007239
v -131.82136559 287.69792209 166.75574988
v -131.82136559 287.74028071 161.68678016
v -131.82136559 287.69792231 161.71114844
v -131.82136559 283.38282843 159.14710711
v -131.82136559 283.37007208 159.19427203
v -36.10875344 287.69795261 166.75571936
v -36.10875344 287.74031101 166.78005713
v -36.10875344 283.38282799 169.31976031
v -36.10875344 283.37010216 169.27258014
v -36.10875726 287.69795283 161.71111792
v -36.10875726 287.74031123 161.6867649
v -36.10875726 283.3701026 159.19422625
v -36.10875726 283.38282843 159.1470766
v -131.82133508 204.1317298 159.18891273
v -131.82133508 204.1317298 159.14003883
v -36.10874963 198.70950385 159.13999282
v -36.10874963 198.70950384 159.18886672
v -36.10874581 219.05696129 169.27794842
v -36.10874581 219.05696129 169.32680706
v -131.82135034 224.47917961 169.32683782
v -131.82135034 224.47917961 169.27797917
v -36.10874581 219.05696129 169.32680706
v -36.10874581 219.05696129 169.27794842
v -131.82135034 224.47917961 169.27797917
v -131.82135034 224.47917961 169.32683782
v -131.82133508 204.1317298 159.14003883
v -131.82133508 204.1317298 159.18891273
v -36.10874963 198.70950384 159.18886672
v -36.10874963 198.70950385 159.13999282
v -63.26876855 96.08517667 126.31525841
v -60.74176812 96.07656268 135.60037687
v -6.83271909 96.07476214 135.62070086
v -12.56474233 96.08518481 114.60834923
v -101.91510797 96.07805041 135.5808759
v -76.945328 96.07656268 135.60037687
v -6.83271575 55.39541033 135.70483611
v -60.74175286 60.36630419 135.70486732
v -76.94532037 62.37258318 135.70486741
v -101.91510034 58.49126604 135.70488226
v -125.07761407 96.08517192 60.32843438
v -80.21270013 96.08518005 48.92062035
v -36.79269052 96.07807757 37.88021508
v 53.24761558 96.07659319 135.60033086
v 53.24758506 96.0765976 34.89335289
v 34.94428611 96.07657471 34.89336052
v 34.94431663 96.07657031 135.60033086
v 53.24758506 69.81268921 34.78885193
v 34.94428611 75.77370301 34.78886745
v 106.79566932 96.07659319 135.6003159
v 87.63817573 96.07659319 135.6003159
v 87.63817573 62.61263445 135.70480644
v 106.79566932 61.46980455 135.70480639
v 71.55092597 96.07659319 135.6003159
v 71.5509336 60.69803789 135.70482132
v 87.63814521 96.0765976 34.89335289
v 106.79563117 96.0765976 34.89333763
v 106.79563117 69.81270447 34.78883667
v 87.63814521 66.50159302 34.78885178
v 53.24762321 61.98975542 135.70482138
v 71.55089545 96.0765976 34.89335289
v 71.55089545 66.50157776 34.78885178
v 34.94432044 64.79425982 135.7048215
vn -0 0.86833 -0.49599
vn -0 0.86833 0.49599
vn -0 0.26339 -0.96469
vn 0 0.26336 0.9647
vn 0 0.00017 1
vn -0 0.00022 -1
vn -0 -0.86681 -0.49864
vn 0 -0.86681 0.49864
vn 0 -0.26037 0.96551
vn -0 -0.26036 -0.96551
vn -0 -5E-05 -1
vn 0 -7E-05 1
vn -1 -0 0
vn -1 -0 0
vn 1 0 0
vn 1 0 2E-05
vn -0.7071 -0.70711 -6E-05
vn -0.70708 -0.70714 -6E-05
vn 0.70708 -0.70714 -6E-05
vn 0.7071 -0.70711 -6E-05
vn 0.69987 -0.71427 7E-05
vn 0.69985 -0.71429 7E-05
vn -0.71424 -0.6999 4E-05
vn -0.71427 -0.69987 4E-05
vn -0 0.86705 -0.49822
vn -0 0.86705 0.49822
vn 0 0.26084 -0.96538
vn 0 0.26086 0.96538
vn 0 0.00012 1
vn 0 9E-05 -1
vn 0 -0.86681 -0.49864
vn 0 -0.86681 0.49864
vn -0 -0.26037 0.96551
vn -0 -0.26037 0.96551
vn -0 -0.26038 -0.96551
vn -0 -9E-05 -1
vn -0 -7E-05 1
vn -1 -0 -2E-05
vn -1 0 8E-05
vn -1 0 -8E-05
vn 1 0 5E-05
vn -0.72684 -0.6868 0
vn -0.72681 -0.68684 0
vn 0.6868 -0.72685 0
vn 0.68683 -0.72681 0
vn 0.68682 -0.72682 0.00011
vn 0.68681 -0.72684 0.00011
vn -0.72682 -0.68683 -0.00011
vn -0.72683 -0.68681 -0.00011
vn 8E-05 1 0.0006
vn 3E-05 1 0.00098
vn -7E-05 0.00247 1
vn -0.00064 0.0032 0.99999
vn 0.00019 0.00301 1
vn -7E-05 1 7E-05
vn 6E-05 1 -6E-05
vn -0 1 0
vn 0.00073 0.00449 -0.99999
vn 9E-05 0.00307 1
vn -0.00018 0.00304 1
vn -0.00032 0.00374 -0.99999
vn -0 1 0
vn 0.00011 0.00301 1
vn 0 0.00353 -0.99999
vn 0.00024 0.0032 0.99999
vn 0.00034 0.00374 -0.99999
vt 0.00078 0.77122
vt 0.33722 0.77122
vt 0.33722 0.75632
vt 0.00078 0.75632
vt 0.00078 0.78581
vt 0.33722 0.78581
vt 0.33722 0.74173
vt 0.00078 0.74173
vt 0.00078 0.46241
vt 0.33722 0.46926
vt 0.33722 0.99922
vt 0.00078 0.99922
vt 0.33877 0.75813
vt 0.33877 0.77214
vt 0.67521 0.77214
vt 0.67521 0.75813
vt 0.33877 0.78605
vt 0.67521 0.78605
vt 0.33877 0.74423
vt 0.67521 0.74423
vt 0.67521 0.46513
vt 0.33877 0.47199
vt 0.33877 0.99922
vt 0.67521 0.99922
vt 0.26219 0.18861
vt 0.26306 0.18837
vt 0.25565 0.17581
vt 0.2552 0.17659
vt 0.24074 0.1758
vt 0.24119 0.17658
vt 0.23333 0.18837
vt 0.2342 0.1886
vt 0.22384 0.46007
vt 0.22428 0.46085
vt 0.23169 0.44828
vt 0.23082 0.44805
vt 0.20982 0.46007
vt 0.20938 0.46085
vt 0.20283 0.44805
vt 0.20197 0.44829
vt 0.31019 0.46085
vt 0.31109 0.46085
vt 0.31109 0.12441
vt 0.31019 0.12441
vt 0.30863 0.12434
vt 0.30774 0.12434
vt 0.30774 0.46085
vt 0.30863 0.46085
vt 0.23169 0.16896
vt 0.23079 0.16896
vt 0.26216 0.46085
vt 0.26306 0.46085
vt 0.23325 0.40178
vt 0.23415 0.40178
vt 0.20278 0.23487
vt 0.20188 0.23487
vt 0.94258 0.79242
vt 0.67677 0.79243
vt 0.67677 0.80657
vt 0.94258 0.80657
vt 0.94258 0.77842
vt 0.67677 0.77842
vt 0.67677 0.82058
vt 0.94258 0.82058
vt 0.94258 0.99922
vt 0.67677 0.98416
vt 0.67677 0.55832
vt 0.94258 0.54326
vt 0.67677 0.27868
vt 0.67677 0.29268
vt 0.94258 0.29268
vt 0.94258 0.27868
vt 0.67677 0.30659
vt 0.94258 0.30659
vt 0.67677 0.26477
vt 0.94258 0.26477
vt 0.94258 0.08616
vt 0.67677 0.10122
vt 0.67677 0.52665
vt 0.94258 0.54171
vt 0.27277 0.44643
vt 0.27262 0.44647
vt 0.281 0.46085
vt 0.28108 0.46071
vt 0.2978 0.46085
vt 0.29772 0.46071
vt 0.30618 0.44647
vt 0.30602 0.44643
vt 0.66458 0.46343
vt 0.66466 0.46358
vt 0.67329 0.44877
vt 0.67313 0.44873
vt 0.64744 0.46343
vt 0.64736 0.46358
vt 0.63889 0.44873
vt 0.63873 0.44878
vt 0.67502 0.46358
vt 0.67521 0.46358
vt 0.67521 0.27349
vt 0.67502 0.27349
vt 0.33722 0.27077
vt 0.33703 0.27077
vt 0.33703 0.46085
vt 0.33722 0.46085
vt 0.67329 0.28847
vt 0.67313 0.28847
vt 0.26477 0.28906
vt 0.26461 0.28907
vt 0.30618 0.2908
vt 0.30602 0.2908
vt 0.62017 0.28565
vt 0.62001 0.28566
vt 0.48712 0.23776
vt 0.48543 0.21109
vt 0.33877 0.18095
vt 0.34264 0.24131
vt 0.59742 0.23412
vt 0.52951 0.22014
vt 0.36151 0.07028
vt 0.50539 0.11394
vt 0.54835 0.12846
vt 0.61845 0.13187
vt 0.61845 0.45177
vt 0.49003 0.45777
vt 0.36574 0.46358
vt 0.14949 0.09903
vt 0.14949 0.37871
vt 0.20032 0.37871
vt 0.20032 0.09903
vt 0.14949 0.45165
vt 0.20032 0.4351
vt 0.00078 0.09903
vt 0.05398 0.09903
vt 0.05398 0.00609
vt 0.00078 0.00292
vt 0.09866 0.09903
vt 0.09866 0.00078
vt 0.05398 0.37871
vt 0.00078 0.37871
vt 0.00078 0.45165
vt 0.05398 0.46085
vt 0.14949 0.00437
vt 0.09866 0.37871
vt 0.09866 0.46085
vt 0.20032 0.01215
usemtl mat0
f 1138/1138/277 1139/1139/277 1140/1140/278
f 1140/1140/278 1141/1141/278 1138/1138/277
f 1142/1142/279 1143/1143/279 1139/1139/277
f 1139/1139/277 1138/1138/277 1142/1142/279
f 1141/1141/278 1140/1140/278 1144/1144/280
f 1144/1144/280 1145/1145/280 1141/1141/278
f 1146/1146/281 1145/1145/280 1144/1144/280
f 1144/1144/280 1147/1147/281 1146/1146/281
f 1148/1148/282 1143/1143/279 1142/1142/279
f 1142/1142/279 1149/1149/282 1148/1148/282
f 1150/1150/283 1151/1151/284 1152/1152/284
f 1152/1152/284 1153/1153/283 1150/1150/283
f 1151/1151/284 1154/1154/285 1155/1155/285
f 1155/1155/285 1152/1152/284 1151/1151/284
f 1156/1156/286 1150/1150/283 1153/1153/283
f 1153/1153/283 1157/1157/286 1156/1156/286
f 1156/1156/286 1157/1157/286 1158/1158/287
f 1158/1158/287 1159/1159/287 1156/1156/286
f 1155/1155/285 1154/1154/285 1160/1160/288
f 1160/1160/288 1161/1161/288 1155/1155/285
f 1162/1162/289 1163/1163/289 1164/1164/290
f 1164/1164/290 1165/1165/290 1162/1162/289
f 1165/1165/290 1164/1164/290 1166/1166/290
f 1166/1166/290 1167/1167/290 1165/1165/290
f 1167/1167/290 1166/1166/290 1168/1168/290
f 1168/1168/290 1169/1169/290 1167/1167/290
f 1170/1170/291 1171/1171/291 1172/1172/292
f 1172/1172/292 1173/1173/292 1170/1170/291
f 1174/1174/291 1175/1175/291 1171/1171/291
f 1171/1171/291 1170/1170/291 1174/1174/291
f 1176/1176/291 1177/1177/291 1175/1175/291
f 1175/1175/291 1174/1174/291 1176/1176/291
f 1178/1178/293 1179/1179/294 1180/1180/295
f 1180/1180/295 1181/1181/296 1178/1178/293
f 1182/1182/297 1183/1183/298 1184/1184/299
f 1184/1184/299 1185/1185/300 1182/1182/297
f 1173/1173/292 1172/1172/292 1186/1186/298
f 1186/1186/298 1187/1187/297 1173/1173/292
f 1188/1188/300 1189/1189/299 1163/1163/289
f 1163/1163/289 1162/1162/289 1188/1188/300
f 1169/1169/290 1168/1168/290 1190/1190/294
f 1190/1190/294 1191/1191/293 1169/1169/290
f 1192/1192/296 1193/1193/295 1177/1177/291
f 1177/1177/291 1176/1176/291 1192/1192/296
f 1194/1194/301 1195/1195/301 1196/1196/302
f 1196/1196/302 1197/1197/302 1194/1194/301
f 1198/1198/303 1199/1199/303 1195/1195/301
f 1195/1195/301 1194/1194/301 1198/1198/303
f 1197/1197/302 1196/1196/302 1200/1200/304
f 1200/1200/304 1201/1201/304 1197/1197/302
f 1202/1202/305 1201/1201/304 1200/1200/304
f 1200/1200/304 1203/1203/305 1202/1202/305
f 1204/1204/306 1199/1199/303 1198/1198/303
f 1198/1198/303 1205/1205/306 1204/1204/306
f 1206/1206/307 1207/1207/308 1208/1208/308
f 1208/1208/308 1209/1209/283 1206/1206/307
f 1207/1207/308 1210/1210/309 1211/1211/310
f 1211/1211/310 1208/1208/308 1207/1207/308
f 1212/1212/311 1206/1206/307 1209/1209/283
f 1209/1209/283 1213/1213/311 1212/1212/311
f 1212/1212/311 1213/1213/311 1214/1214/312
f 1214/1214/312 1215/1215/312 1212/1212/311
f 1211/1211/310 1210/1210/309 1216/1216/313
f 1216/1216/313 1217/1217/313 1211/1211/310
f 1218/1218/314 1219/1219/314 1220/1220/315
f 1220/1220/315 1221/1221/315 1218/1218/314
f 1221/1221/315 1220/1220/315 1222/1222/316
f 1222/1222/316 1223/1223/316 1221/1221/315
f 1223/1223/316 1222/1222/316 1224/1224/316
f 1224/1224/316 1225/1225/316 1223/1223/316
f 1226/1226/291 1227/1227/291 1228/1228/317
f 1228/1228/317 1229/1229/317 1226/1226/291
f 1230/1230/291 1231/1231/291 1227/1227/291
f 1227/1227/291 1226/1226/291 1230/1230/291
f 1232/1232/291 1233/1233/291 1231/1231/291
f 1231/1231/291 1230/1230/291 1232/1232/291
f 1234/1234/318 1235/1235/319 1236/1236/320
f 1236/1236/320 1237/1237/321 1234/1234/318
f 1238/1238/322 1239/1239/323 1240/1240/324
f 1240/1240/324 1241/1241/325 1238/1238/322
f 1229/1229/317 1228/1228/317 1242/1242/323
f 1242/1242/323 1243/1243/322 1229/1229/317
f 1244/1244/325 1245/1245/324 1219/1219/314
f 1219/1219/314 1218/1218/314 1244/1244/325
f 1225/1225/316 1224/1224/316 1246/1246/319
f 1246/1246/319 1247/1247/318 1225/1225/316
f 1248/1248/321 1249/1249/320 1233/1233/291
f 1233/1233/291 1232/1232/291 1248/1248/321
f 1250/1250/326 1251/1251/326 1252/1252/326
f 1252/1252/326 1253/1253/326 1250/1250/326
f 1254/1254/327 1255/1255/327 1251/1251/327
f 1251/1251/327 1250/1250/327 1254/1254/327
f 1256/1256/328 1252/1252/328 1251/1251/328
f 1251/1251/328 1257/1257/328 1256/1256/328
f 1258/1258/329 1255/1255/329 1254/1254/329
f 1254/1254/329 1259/1259/329 1258/1258/329
f 1257/1257/330 1251/1251/330 1255/1255/330
f 1255/1255/330 1258/1258/330 1257/1257/330
f 1260/1260/331 1254/1254/331 1250/1250/331
f 1250/1250/331 1261/1261/331 1260/1260/331
f 1261/1261/332 1250/1250/332 1253/1253/332
f 1253/1253/332 1262/1262/332 1261/1261/332
f 1263/1263/333 1264/1264/333 1265/1265/333
f 1265/1265/333 1266/1266/333 1263/1263/333
f 1265/1265/334 1264/1264/334 1267/1267/334
f 1267/1267/334 1268/1268/334 1265/1265/334
f 1269/1269/335 1270/1270/335 1271/1271/335
f 1271/1271/335 1272/1272/335 1269/1269/335
f 1270/1270/336 1273/1273/336 1274/1274/336
f 1274/1274/336 1271/1271/336 1270/1270/336
f 1275/1275/337 1276/1276/337 1277/1277/337
f 1277/1277/337 1278/1278/337 1275/1275/337
f 1269/1269/338 1276/1276/338 1275/1275/338
f 1275/1275/338 1270/1270/338 1269/1269/338
f 1273/1273/339 1263/1263/339 1279/1279/339
f 1279/1279/339 1274/1274/339 1273/1273/339
f 1280/1280/340 1275/1275/340 1278/1278/340
f 1278/1278/340 1281/1281/340 1280/1280/340
f 1270/1270/338 1275/1275/338 1280/1280/338
f 1280/1280/338 1273/1273/338 1270/1270/338
f 1263/1263/341 1266/1266/341 1282/1282/341
f 1282/1282/341 1279/1279/341 1263/1263/341
f 1264/1264/342 1280/1280/342 1281/1281/342
f 1281/1281/342 1267/1267/342 1264/1264/342
f 1273/1273/338 1280/1280/338 1264/1264/333
f 1264/1264/333 1263/1263/333 1273/1273/338
# Vertices: 145, normals: 66, texture coordinates: 145, faces: 126

